AreaName,AreaCode,Year,Active mobile-broadband subscriptions,Estimated proportion of households with Internet access at home,Fixed-broadband subscriptions,Internet users (%),Percentage of the population covered by at least an LTE/WiMAX mobile network.,Population,Country Name,Country Code,Electricity_Access,Region,Income group,Mobile_Broadband_per_100,Fixed-broadband_per_100,Coverage_Use_Gap
Afghanistan,AFG,2018,6997208.0,7.27030359587061,15999.0,16.79999924,7.0,36743039.0,Afghanistan,AFG,93.4,"Middle East, North Africa, Afghanistan & Pakistan",Low income,19.04362891703106,0.043542941562346,-9.799999239999998
Afghanistan,AFG,2019,7309797.0,8.43811494417387,19683.0,17.60000038,22.0,37856121.0,Afghanistan,AFG,97.7,"Middle East, North Africa, Afghanistan & Pakistan",Low income,19.309418944429094,0.05199423364057822,4.399999619999999
Afghanistan,AFG,2020,7422550.0,,26570.0,17.04850006,26.0,39068979.0,Afghanistan,AFG,97.7,"Middle East, North Africa, Afghanistan & Pakistan",Low income,18.998576850446998,0.06800792004316264,8.951499940000001
Afghanistan,AFG,2021,7422550.0,24.28890269,26570.0,16.51429939,26.0,40000412.0,Afghanistan,AFG,97.7,"Middle East, North Africa, Afghanistan & Pakistan",Low income,18.556183871306125,0.06642431582954696,9.485700609999999
Afghanistan,AFG,2022,22831896.0,27.5920281,32313.0,15.86629963,33.03,40578842.0,Afghanistan,AFG,85.3,"Middle East, North Africa, Afghanistan & Pakistan",Low income,56.2655188632539,0.07963016785939826,17.16370037
Afghanistan,AFG,2023,23027082.0,27.7,33200.0,15.92840004,34.0,41454761.0,Afghanistan,AFG,85.3,"Middle East, North Africa, Afghanistan & Pakistan",Low income,55.54749670369586,0.08008730287939665,18.07159996
Afghanistan,AFG,2024,25630751.0,27.98975982,,16.09499931,37.32410104,42647492.0,Afghanistan,AFG,87.8,"Middle East, North Africa, Afghanistan & Pakistan",Low income,60.09908155912193,,21.229101730000004
Angola,AGO,2018,5820154.0,6.71140094521841,109561.0,29.0,8.0,31297155.0,Angola,AGO,45.3,Sub-Saharan Africa,Lower middle income,18.596431528680483,0.35006696295557854,-21.0
Angola,AGO,2019,6740418.0,8.01644115736939,119068.0,32.12939835,18.0,32375632.0,Angola,AGO,45.6,Sub-Saharan Africa,Lower middle income,20.819417517471166,0.367770426844486,-14.129398350000002
Angola,AGO,2020,6637340.0,35.39081305,121516.0,33.32089996,72.74,33451132.0,Angola,AGO,47.0,Sub-Saharan Africa,Lower middle income,19.841899520769584,0.363264238710965,39.41910004
Angola,AGO,2021,7325997.0,42.58500359,134996.0,34.55649948,73.87,34532429.0,Angola,AGO,48.2,Sub-Saharan Africa,Lower middle income,21.214832585335948,0.39092529517689006,39.313500520000005
Angola,AGO,2022,9349591.0,48.95077042,137800.0,35.83800125,75.15,35635029.0,Angola,AGO,48.5,Sub-Saharan Africa,Lower middle income,26.23707981267533,0.3866981559072114,39.31199875000001
Angola,AGO,2023,11139237.0,52.21448781,137323.0,37.88589859,76.78,36749906.0,Angola,AGO,51.1,Sub-Saharan Africa,Lower middle income,30.31092650958073,0.37366898299005175,38.894101410000005
Angola,AGO,2024,12648006.0,55.62824302,137467.0,40.70479965,77.4,37885849.0,Angola,AGO,55.5,Sub-Saharan Africa,Lower middle income,33.384512512838235,0.36284524071243596,36.69520035000001
Armenia,ARM,2018,2152778.0,67.5841842736519,347448.0,68.2450522610271,99.1,2909965.0,Armenia,ARM,99.9,Europe & Central Asia,Upper middle income,73.97951521753699,11.939937421927755,30.854947738972896
Armenia,ARM,2019,2330709.0,76.3871997333651,385704.0,66.5439496866159,99.3,2903972.0,Armenia,ARM,100.0,Europe & Central Asia,Upper middle income,80.25934823063032,13.28194624466076,32.756050313384094
Armenia,ARM,2020,2347585.0,87.21168341,430407.0,76.50770055,100.0,2890892.0,Armenia,ARM,100.0,Europe & Central Asia,Upper middle income,81.20625052751885,14.888380472186439,23.492299450000004
Armenia,ARM,2021,2527260.0,90.08647786,466621.0,78.61225758,100.0,2870349.0,Armenia,ARM,100.0,Europe & Central Asia,Upper middle income,88.04713294446076,16.256594581355788,21.387742419999995
Armenia,ARM,2022,2837387.0,89.72236711,510781.0,77.02767465,100.0,2880874.0,Armenia,ARM,100.0,Europe & Central Asia,Upper middle income,98.4904928157219,17.73007080490157,22.972325350000006
Armenia,ARM,2023,3036890.0,91.74346188,545876.0,79.99663036,100.0,2943393.0,Armenia,ARM,100.0,Europe & Central Asia,Upper middle income,103.17650412296284,18.54580750854541,20.003369640000003
Armenia,ARM,2024,3061841.0,93.50335658,603960.0,83.42620684,100.0,2973840.0,Armenia,ARM,100.0,Europe & Central Asia,Upper middle income,102.95917063460038,20.309095311112905,16.573793159999994
Barbados,BRB,2018,171803.0,84.6127820067913,89340.0,70.72650146,99.6,280711.0,Barbados,BRB,100.0,Latin America & Caribbean,High income,61.202802882680054,31.826326720363646,28.87349854
Barbados,BRB,2019,121218.0,85.1227359420276,106803.0,70.30709839,99.6,281207.0,Barbados,BRB,100.0,Latin America & Caribbean,High income,43.10632381128492,37.98020675161003,29.29290161
Barbados,BRB,2020,115000.0,76.62679183,128000.0,69.89009857,99.6,281698.0,Barbados,BRB,100.0,Latin America & Caribbean,High income,40.8238610142777,45.438732259369964,29.709901429999988
Barbados,BRB,2021,189514.0,80.90627819,102564.0,69.4756012,99.0,282147.0,Barbados,BRB,100.0,Latin America & Caribbean,High income,67.16853271521582,36.35126370296335,29.5243988
Barbados,BRB,2022,182541.0,74.62842787,105825.0,69.06359863,99.0,282318.0,Barbados,BRB,100.0,Latin America & Caribbean,High income,64.65793891994134,37.48432618536544,29.93640137
Barbados,BRB,2023,,76.91146824,,69.67510223,,282336.0,Barbados,BRB,100.0,Latin America & Caribbean,High income,,,
Barbados,BRB,2024,169300.0,77.87149627,,70.36470032,99.0,282467.0,Barbados,BRB,100.0,Latin America & Caribbean,High income,59.9362049372139,,28.635299680000003
Botswana,BWA,2018,1749059.0,59.2016438100754,40044.0,46.12509918,65.0,2299141.0,Botswana,BWA,68.3,Sub-Saharan Africa,Upper middle income,76.07445563364752,1.7416939630931727,18.87490082
Botswana,BWA,2019,2037359.0,63.4542562916394,49044.0,48.82279968,68.0,2332083.0,Botswana,BWA,70.1,Sub-Saharan Africa,Upper middle income,87.36219937283536,2.103012628624281,19.177200319999997
Botswana,BWA,2020,2240166.0,69.23058095,84842.0,51.67819977,77.0,2365894.0,Botswana,BWA,71.8,Sub-Saharan Africa,Upper middle income,94.68581432642375,3.5860440070434265,25.32180023
Botswana,BWA,2021,2431822.0,74.08563617,133241.0,54.70069885,88.0,2401441.0,Botswana,BWA,73.7,Sub-Saharan Africa,Upper middle income,101.26511540362641,5.548376995312398,33.29930115
Botswana,BWA,2022,2844958.0,66.6851712,110574.0,57.9,91.0,2439892.0,Botswana,BWA,75.9,Sub-Saharan Africa,Upper middle income,116.60180040755903,4.531921904740046,33.1
Botswana,BWA,2023,2774706.0,67.79829534,152906.0,,91.0,2480244.0,Botswana,BWA,76.0,Sub-Saharan Africa,Upper middle income,111.87229966083983,6.1649579638132375,
Botswana,BWA,2024,3405752.0,68.92681812,187597.0,57.45950036,93.0,2521139.0,Botswana,BWA,80.2,Sub-Saharan Africa,Upper middle income,135.0878313333775,7.440962200021498,35.54049964
Burkina Faso,BFA,2018,5907800.0,14.8103692342892,13818.0,8.498900414,0.0,20438288.0,Burkina Faso,BFA,14.4,Sub-Saharan Africa,Low income,28.90555216757881,0.06760840242587833,-8.498900414
Burkina Faso,BFA,2019,6441178.0,3.39998693340122,12015.0,9.27180600953186,26.92,20961952.0,Burkina Faso,BFA,17.6,Sub-Saharan Africa,Low income,30.727949381813296,0.0573181352576325,17.648193990468144
Burkina Faso,BFA,2020,,9.725244744,13979.0,12.97319984,26.92,21478690.0,Burkina Faso,BFA,18.5,Sub-Saharan Africa,Low income,,0.06508311261068529,13.946800160000002
Burkina Faso,BFA,2021,7927034.0,11.12825371,16291.0,14.00860619,36.6,21995243.0,Burkina Faso,BFA,19.0,Sub-Saharan Africa,Low income,36.03976550747814,0.07406601509244522,22.59139381
Burkina Faso,BFA,2022,9233068.0,,48259.0,25.3987999,39.39,22509038.0,Burkina Faso,BFA,19.5,Sub-Saharan Africa,Low income,41.01938074830208,0.2143983230202908,13.9912001
Burkina Faso,BFA,2023,,,105795.0,25.36120033,42.39,23025776.0,Burkina Faso,BFA,21.7,Sub-Saharan Africa,Low income,,0.45946334229951685,17.02879967
Burkina Faso,BFA,2024,13364299.0,,200526.0,28.25270081,63.7,23548781.0,Burkina Faso,BFA,34.0,Sub-Saharan Africa,Low income,56.751553296962584,0.8515345231670378,35.44729919
Cambodia,KHM,2018,13458050.0,,166200.0,65.0,80.3,16274522.0,Cambodia,KHM,80.7,East Asia & Pacific,Lower middle income,82.6939801980052,1.0212281503567355,15.299999999999997
Cambodia,KHM,2019,15898958.0,50.0115562498077,184379.0,52.305878224498,80.3,16481304.0,Cambodia,KHM,84.0,East Asia & Pacific,Lower middle income,96.46662666983147,1.11871609188205,27.994121775501995
Cambodia,KHM,2020,16519702.0,54.27831513,233772.0,56.37590027,91.5,16725474.0,Cambodia,KHM,86.4,East Asia & Pacific,Lower middle income,98.769709007948,1.3977002983592572,35.12409973
Cambodia,KHM,2021,17535930.0,61.01670341,336243.0,60.76269913,92.1,16974305.0,Cambodia,KHM,82.5,East Asia & Pacific,Lower middle income,103.30867743922359,1.980894063114808,31.337300869999993
Cambodia,KHM,2022,17098246.0,67.83571014,509830.0,65.49079895,92.1,17201724.0,Cambodia,KHM,92.3,East Asia & Pacific,Lower middle income,99.39844401642533,2.9638308346302966,26.609201049999996
Cambodia,KHM,2023,19029120.0,69.00404302,634546.0,68.92549896,93.1,17423880.0,Cambodia,KHM,95.0,East Asia & Pacific,Lower middle income,109.21287336689647,3.6418180106841875,24.174501039999996
Cambodia,KHM,2024,18353385.0,70.21042609,731245.0,68.47530365,93.2,17638801.0,Cambodia,KHM,99.2,East Asia & Pacific,Lower middle income,104.05120506773675,4.145661601375286,24.724696350000002
Colombia,COL,2018,25982322.0,52.6611422214084,6678543.0,64.1263768204459,98.0,49024465.0,Colombia,COL,98.5,Latin America & Caribbean,Upper middle income,52.998685452253284,13.622877883522033,33.8736231795541
Colombia,COL,2019,29533312.0,52.1603201400613,6949852.0,65.0069007159493,98.0,49907985.0,Colombia,COL,99.4,Latin America & Caribbean,Upper middle income,59.175524718138796,13.92533078624593,32.9930992840507
Colombia,COL,2020,31455015.0,56.52677103,7764772.0,69.79533474,98.0,50629997.0,Colombia,COL,99.7,Latin America & Caribbean,Upper middle income,62.12723062179917,15.33630744635438,28.20466526
Colombia,COL,2021,36767041.0,60.54722553,8434168.0,73.02837449,99.5,51188173.0,Colombia,COL,100.0,Latin America & Caribbean,Upper middle income,71.82721876008351,16.47679044923131,26.471625509999996
Colombia,COL,2022,39512920.0,59.46557436,8799313.0,72.79637855,99.8,51737944.0,Colombia,COL,100.0,Latin America & Caribbean,Upper middle income,76.37126052013198,17.00746554598304,27.003621449999997
Colombia,COL,2023,44951860.0,63.93571464,8913945.0,77.33686322,99.8,52321152.0,Colombia,COL,98.7,Latin America & Caribbean,Upper middle income,85.91527189615397,17.036981525177428,22.46313678
Colombia,COL,2024,49160334.0,65.64878683,9109367.0,79.34543299,100.0,52886363.0,Colombia,COL,98.9,Latin America & Caribbean,Upper middle income,92.95465071024076,17.224415677818495,20.654567009999994
Ethiopia,ETH,2018,,,,15.88619995,,112664152.0,Ethiopia,ETH,44.8,Sub-Saharan Africa,Low income,,,
Ethiopia,ETH,2019,19111000.0,,159000.0,15.98460007,7.0,115737383.0,Ethiopia,ETH,48.0,Sub-Saharan Africa,Low income,16.512383038762852,0.13737998551427416,-8.98460007
Ethiopia,ETH,2020,23000000.0,16.06964208,212000.0,16.06959915,7.0,118917671.0,Ethiopia,ETH,51.1,Sub-Saharan Africa,Low income,19.34111205390156,0.17827459806204915,-9.069599149999998
Ethiopia,ETH,2021,26100000.0,17.40828339,487800.0,16.6981031,10.0,122138588.0,Ethiopia,ETH,54.2,Sub-Saharan Africa,Low income,21.369167948789453,0.3993823802842718,-6.698103100000001
Ethiopia,ETH,2022,33200000.0,22.90522132,566206.0,17.9836998,33.0,125384287.0,Ethiopia,ETH,55.0,Sub-Saharan Africa,Low income,26.478596955294726,0.4515765201105303,15.0163002
Ethiopia,ETH,2023,40719503.0,26.81885023,688273.0,20.33749962,35.0,128691692.0,Ethiopia,ETH,55.4,Sub-Saharan Africa,Low income,31.641128006926817,0.5348231803495131,14.66250038
Ethiopia,ETH,2024,50982172.0,29.15778307,784326.0,21.94129944,44.0,132059767.0,Ethiopia,ETH,56.6,Sub-Saharan Africa,Low income,38.60537782108914,0.5939174495135979,22.05870056
Honduras,HND,2018,3079981.0,31.0763237178675,354861.0,36.0400608231468,67.46,9765210.0,Honduras,HND,91.6,Latin America & Caribbean,Lower middle income,31.540345778534206,3.633931067534646,31.41993917685319
Honduras,HND,2019,4395696.0,36.4684147375359,390377.0,39.3883521850111,67.85,9943633.0,Honduras,HND,91.1,Latin America & Caribbean,Lower middle income,44.206136730911126,3.92589911554459,28.461647814988893
Honduras,HND,2020,4331308.0,33.9855365,396916.0,45.24829865,75.24,10119640.0,Honduras,HND,93.1,Latin America & Caribbean,Lower middle income,42.80100873153591,3.9222343877845454,29.991701349999992
Honduras,HND,2021,4887509.0,45.64102077,421457.0,51.95159912,78.51,10289877.0,Honduras,HND,94.1,Latin America & Caribbean,Lower middle income,47.498225683358505,4.095840990130397,26.558400880000008
Honduras,HND,2022,5193671.0,49.17513925,461436.0,56.88069916,86.2,10463872.0,Honduras,HND,94.4,Latin America & Caribbean,Lower middle income,49.634313187317275,4.409801648949834,29.319300840000004
Honduras,HND,2023,5262380.0,50.83034008,464342.0,58.0685997,91.0,10644851.0,Honduras,HND,95.6,Latin America & Caribbean,Lower middle income,49.435919770037174,4.362127755475393,32.9314003
Honduras,HND,2024,5351655.0,50.75729032,495725.0,58.62269974,91.0,10825703.0,Honduras,HND,95.5,Latin America & Caribbean,Lower middle income,49.4347110760382,4.579148347225118,32.37730026
India,IND,2018,507190000.0,23.8,18170000.0,20.0813000379384,94.0,1374659064.0,India,IND,95.7,South Asia,Lower middle income,36.8956938692982,1.321782285938501,73.9186999620616
India,IND,2019,642799000.0,,19156559.0,29.52350044,97.92,1389030312.0,India,IND,95.9,South Asia,Lower middle income,46.27681587988268,1.379131818399079,68.39649956
India,IND,2020,725120000.0,,22950000.0,43.40544313,98.45,1402617695.0,India,IND,96.5,South Asia,Lower middle income,51.69762242305092,1.6362263275168505,55.04455687
India,IND,2021,765991924.0,,27560000.0,49.2580986,98.67,1414203896.0,India,IND,99.6,South Asia,Lower middle income,54.16417860016983,1.9487996093032967,49.411901400000005
India,IND,2022,798690000.0,76.3,33530452.0,55.9,98.67,1425423212.0,India,IND,99.2,South Asia,Lower middle income,56.03178012510154,2.3523155591772418,42.77
India,IND,2023,865290000.0,79.4974669,39480000.0,60.25230026,98.8,1438069596.0,India,IND,99.5,South Asia,Lower middle income,60.17024505676288,2.745346964417708,38.54769974
India,IND,2024,898569523.0,82.82892848,45711188.0,64.9434967,99.06,1450935791.0,India,IND,99.9,South Asia,Lower middle income,61.93034375288906,3.1504625003767655,34.116503300000005
Indonesia,IDN,2018,233269909.0,66.2233429352676,8874116.0,39.9046386385762,97.59,269951846.0,Indonesia,IDN,98.5,East Asia & Pacific,Upper middle income,86.41167395462078,3.2872959127680867,57.6853613614238
Indonesia,IDN,2019,219762853.0,73.7498500279031,10284364.0,47.6906489788375,97.59,272489381.0,Indonesia,IDN,98.8,East Asia & Pacific,Upper middle income,80.65006136881348,3.774225609180711,49.8993510211625
Indonesia,IDN,2020,284995837.0,78.17634138,10800053.0,53.72649449,96.1,274814866.0,Indonesia,IDN,97.0,East Asia & Pacific,Upper middle income,103.70466530729819,3.929937691216457,42.373505509999994
Indonesia,IDN,2021,314284378.0,82.07401747,12419416.0,62.10447842,96.19,276758053.0,Indonesia,IDN,99.2,East Asia & Pacific,Upper middle income,113.55925314303322,4.487463278981804,34.08552158
Indonesia,IDN,2022,320901313.0,86.53527761,13443856.0,66.48461277,96.48,278830529.0,Indonesia,IDN,100.0,East Asia & Pacific,Upper middle income,115.088299029121,4.821515078788234,29.995387230000006
Indonesia,IDN,2023,333131912.0,87.08827778,13543912.0,69.20836554,98.96,281190067.0,Indonesia,IDN,99.4,East Asia & Pacific,Upper middle income,118.4721478799605,4.816639557897328,29.75163445999999
Indonesia,IDN,2024,333250635.0,89.75756865,13953182.0,72.78075544,99.15,283487931.0,Indonesia,IDN,99.9,East Asia & Pacific,Upper middle income,117.55372929791498,4.921966854384358,26.369244560000013
Iraq,IRQ,2018,15309376.0,65.366710246809,4492328.0,33.92810059,0.0,40265624.0,Iraq,IRQ,99.9,"Middle East, North Africa, Afghanistan & Pakistan",Upper middle income,38.020958026131666,11.156732601486569,-33.92810059
Iraq,IRQ,2019,16532661.0,64.5227644388133,4559053.0,44.3263465511579,0.0,41192171.0,Iraq,IRQ,100.0,"Middle East, North Africa, Afghanistan & Pakistan",Upper middle income,40.135444669813594,11.067765765489758,-44.3263465511579
Iraq,IRQ,2020,18459785.0,71.74793676,6254099.0,53.67779922,94.6,42116605.0,Iraq,IRQ,100.0,"Middle East, North Africa, Afghanistan & Pakistan",Upper middle income,43.83018289342173,14.849485137750301,40.92220078
Iraq,IRQ,2021,20678849.0,79.78217123,6386394.0,65.00219727,95.88,43071211.0,Iraq,IRQ,100.0,"Middle East, North Africa, Afghanistan & Pakistan",Upper middle income,48.01083721560557,14.827523656114522,30.87780273
Iraq,IRQ,2022,20548838.0,88.75133498,6386394.0,78.71561135,96.57,44070551.0,Iraq,IRQ,100.0,"Middle East, North Africa, Afghanistan & Pakistan",Upper middle income,46.627141103817834,14.491296013067775,17.85438864999999
Iraq,IRQ,2023,23813015.0,87.61072015,7766825.0,81.80889893,98.2,45074049.0,Iraq,IRQ,100.0,"Middle East, North Africa, Afghanistan & Pakistan",Upper middle income,52.83087614338796,17.231256504158303,16.391101070000005
Iraq,IRQ,2024,19283618.0,87.27489911,8118740.0,81.47450256,98.46,46042015.0,Iraq,IRQ,100.0,"Middle East, North Africa, Afghanistan & Pakistan",Upper middle income,41.88265435385484,17.63332903653326,16.98549743999999
Israel,ISR,2018,9500000.0,74.9391031771372,2435000.0,83.7331569615326,90.0,8510067.0,Israel,ISR,100.0,"Middle East, North Africa, Afghanistan & Pakistan",High income,111.63249361021481,28.613170730618222,6.2668430384674
Israel,ISR,2019,9800000.0,73.3029814277658,2480952.0,86.7878776180583,94.0,8657474.0,Israel,ISR,100.0,"Middle East, North Africa, Afghanistan & Pakistan",High income,113.19699025373914,28.65676524122394,7.212122381941697
Israel,ISR,2020,10500000.0,76.20869069,2602079.0,90.12734091,97.0,8800376.0,Israel,ISR,100.0,"Middle East, North Africa, Afghanistan & Pakistan",High income,119.31308389550628,29.567816193308104,6.872659089999999
Israel,ISR,2021,11000000.0,82.95540689,2656753.0,90.29689758,97.0,8942924.0,Israel,ISR,100.0,"Middle East, North Africa, Afghanistan & Pakistan",High income,123.00227531845289,29.707878541738697,6.703102419999993
Israel,ISR,2022,11511651.0,86.24455693,2655177.0,91.85079615,97.0,9103151.0,Israel,ISR,100.0,"Middle East, North Africa, Afghanistan & Pakistan",High income,126.45787156557108,29.167669524541555,5.149203850000006
Israel,ISR,2023,14193321.0,79.27507795,2724663.0,87.03842615,97.0,9256314.0,Israel,ISR,100.0,"Middle East, North Africa, Afghanistan & Pakistan",High income,153.33664134557233,29.43572355043271,9.961573849999994
Israel,ISR,2024,13644094.0,86.56512224,2739780.0,88.18242225,99.0,9387021.0,Israel,ISR,100.0,"Middle East, North Africa, Afghanistan & Pakistan",High income,145.3506282770647,29.186895395248396,10.817577749999998
Jamaica,JAM,2018,1502313.0,64.4063907613756,284756.0,68.2145170876072,73.0,2820097.0,Jamaica,JAM,98.2,Latin America & Caribbean,Upper middle income,53.271678243691625,10.097383175117736,4.785482912392794
Jamaica,JAM,2019,1630742.0,73.5722814536933,317907.0,70.8410169743356,94.0,2823271.0,Jamaica,JAM,98.9,Latin America & Caribbean,Upper middle income,57.76073214367307,11.260236796255125,23.158983025664398
Jamaica,JAM,2020,1741980.0,74.46858163,385603.0,76.38400269,97.0,2830739.0,Jamaica,JAM,99.7,Latin America & Caribbean,Upper middle income,61.53799414216571,13.621990582671167,20.615997309999997
Jamaica,JAM,2021,1738184.0,75.37580105,413500.0,82.36071561,98.0,2837682.0,Jamaica,JAM,100.0,Latin America & Caribbean,Upper middle income,61.25365703415675,14.571752578336824,15.63928439
Jamaica,JAM,2022,1884960.0,80.74309967,424741.0,85.84329987,99.0,2839144.0,Jamaica,JAM,100.0,Latin America & Caribbean,Upper middle income,66.39184204816662,14.960178138199401,13.156700130000004
Jamaica,JAM,2023,2000734.0,86.49258852,448266.0,89.47304282,99.0,2839786.0,Jamaica,JAM,97.7,Latin America & Caribbean,Upper middle income,70.45368911601085,15.78520353294227,9.526957179999997
Jamaica,JAM,2024,1794826.0,86.64142356,453746.0,90.10870361,99.0,2839175.0,Jamaica,JAM,97.7,Latin America & Caribbean,Upper middle income,63.21646252872753,15.981614377415976,8.891296389999994
Japan,JPN,2018,177752088.0,95.7364048338369,41496293.0,88.7463508901772,99.9,126913432.0,Japan,JPN,100.0,East Asia & Pacific,High income,140.0577426666706,32.696533649803115,11.153649109822808
Japan,JPN,2019,184804577.0,96.8523413897281,42502489.0,92.7303978145525,99.9,126699424.0,Japan,JPN,100.0,East Asia & Pacific,High income,145.86062916907974,33.545921250597004,7.169602185447502
Japan,JPN,2020,192332027.0,97.32250755,44000791.0,90.21945812,99.9,126304543.0,Japan,JPN,100.0,East Asia & Pacific,High income,152.27641257527847,34.83706124489917,9.680541880000007
Japan,JPN,2021,200559264.0,88.15376286,45168114.0,82.91407928,93.2,125679338.0,Japan,JPN,100.0,East Asia & Pacific,High income,159.5801403727954,35.939172435806434,10.285920720000007
Japan,JPN,2022,290534360.0,89.5488179,46050884.0,84.92343147,96.6,124997578.0,Japan,JPN,100.0,East Asia & Pacific,High income,232.43199160226928,36.84142103937406,11.676568529999997
Japan,JPN,2023,309805005.0,90.29286784,48046037.0,85.00990295,96.6,124370947.0,Japan,JPN,100.0,East Asia & Pacific,High income,249.09756858247613,38.63123837112859,11.590097049999997
Japan,JPN,2024,,91.04313301,,85.54153081,98.1,123753041.0,Japan,JPN,100.0,East Asia & Pacific,High income,,,12.558469189999997
Kenya,KEN,2018,21543425.0,12.089848413724,371498.0,19.5,35.0,50207107.0,Kenya,KEN,61.2,Sub-Saharan Africa,Lower middle income,42.90911444071055,0.7399311017860479,15.5
Kenya,KEN,2019,21595570.0,17.9530494113258,491183.0,22.6687733618171,57.0,51202827.0,Kenya,KEN,69.7,Sub-Saharan Africa,Lower middle income,42.176518886349776,0.9592888298921463,34.3312266381829
Kenya,KEN,2020,25144693.0,,674191.0,24.7227993,77.0,52217334.0,Kenya,KEN,71.5,Sub-Saharan Africa,Lower middle income,48.15391953943876,1.2911248973377307,52.2772007
Kenya,KEN,2021,28360642.0,,788996.0,26.96290016,94.0,53219166.0,Kenya,KEN,76.5,Sub-Saharan Africa,Lower middle income,53.29027891944042,1.482541083037641,67.03709984
Kenya,KEN,2022,31888468.0,42.30636368,801021.0,29.40589905,97.0,54252461.0,Kenya,KEN,76.0,Sub-Saharan Africa,Lower middle income,58.77791977031236,1.4764694268892244,67.59410095
Kenya,KEN,2023,36518744.0,44.8128726,1321952.0,32.07040024,97.0,55339003.0,Kenya,KEN,76.2,Sub-Saharan Africa,Lower middle income,65.99096843143343,2.3888251112872414,64.92959976
Kenya,KEN,2024,45724212.0,47.4678837,1699880.0,34.97622513,97.3,56432944.0,Kenya,KEN,77.0,Sub-Saharan Africa,Lower middle income,81.0239706792543,3.012212157494388,62.323774869999994
Madagascar,MDG,2018,4097391.0,3.7,27211.0,7.747799873,25.0,27494926.0,Madagascar,MDG,36.5,Sub-Saharan Africa,Low income,14.90235325601531,0.09896735128510621,17.252200127000002
Madagascar,MDG,2019,4396445.0,13.3225624855966,30000.0,9.379400253,25.0,28219554.0,Madagascar,MDG,31.0,Sub-Saharan Africa,Low income,15.57942765502247,0.10630926342776359,15.620599747
Madagascar,MDG,2020,4757652.0,10.81957471,32000.0,11.35470009,25.0,28953556.0,Madagascar,MDG,32.0,Sub-Saharan Africa,Low income,16.432012703379165,0.11052183020282551,13.64529991
Madagascar,MDG,2021,5159274.0,17.07834275,30933.0,13.74590015,27.11,29691083.0,Madagascar,MDG,35.1,Sub-Saharan Africa,Low income,17.37650997775999,0.10418279454474598,13.364099849999999
Madagascar,MDG,2022,7131226.0,21.50547853,32717.0,17.81170082,27.32,30437261.0,Madagascar,MDG,36.1,Sub-Saharan Africa,Low income,23.42926323101149,0.1074899610710701,9.508299180000002
Madagascar,MDG,2023,8126775.0,27.827349,38835.0,18.24080086,33.64,31195932.0,Madagascar,MDG,39.4,Sub-Saharan Africa,Low income,26.05075238656117,0.12448738508597852,15.39919914
Madagascar,MDG,2024,9013200.0,28.5,,18.67790031,34.62669363,31964956.0,Madagascar,MDG,42.5,Sub-Saharan Africa,Low income,28.19712938131371,,15.94879332
Morocco,MAR,2018,21288359.0,74.1667779617609,1552599.0,64.8038651924043,96.0,35839760.0,Morocco,MAR,98.1,"Middle East, North Africa, Afghanistan & Pakistan",Lower middle income,59.398720861970055,4.332057469134838,31.196134807595698
Morocco,MAR,2019,23677204.0,84.5200144295972,1751341.0,84.1203630467602,98.75,36210898.0,Morocco,MAR,99.6,"Middle East, North Africa, Afghanistan & Pakistan",Lower middle income,65.38695615888896,4.8365025357835645,14.629636953239796
Morocco,MAR,2020,27743105.0,84.52001443,2102434.0,84.12036305,98.75,36584208.0,Morocco,MAR,100.0,"Middle East, North Africa, Afghanistan & Pakistan",Lower middle income,75.83355364697249,5.746834809161374,14.629636950000005
Morocco,MAR,2021,30621172.0,86.21103141,2271286.0,88.13031937,99.05,36954442.0,Morocco,MAR,100.0,"Middle East, North Africa, Afghanistan & Pakistan",Lower middle income,82.86195202189766,6.146178583889861,10.919680630000002
Morocco,MAR,2022,33204000.0,87.4,2415751.0,89.9,99.4,37329064.0,Morocco,MAR,100.0,"Middle East, North Africa, Afghanistan & Pakistan",Lower middle income,88.94945772012927,6.471501669583786,9.5
Morocco,MAR,2023,35685000.0,88.7,2648113.0,91.0,99.7,37712505.0,Morocco,MAR,100.0,"Middle East, North Africa, Afghanistan & Pakistan",Lower middle income,94.62378592989249,7.021843285138445,8.700000000000003
Morocco,MAR,2024,37442000.0,89.16215271,2825153.0,91.18130964,99.8,38081173.0,Morocco,MAR,100.0,"Middle East, North Africa, Afghanistan & Pakistan",Lower middle income,98.32155117700813,7.418765698209979,8.618690360000002
Papua New Guinea,PNG,2018,,,,12.35789967,,9394513.0,Papua New Guinea,PNG,16.6,East Asia & Pacific,Lower middle income,,,
Papua New Guinea,PNG,2019,1035000.0,,20000.0,13.62419987,50.0,9609010.0,Papua New Guinea,PNG,23.6,East Asia & Pacific,Lower middle income,10.771140835528321,0.20813798715996756,36.37580013
Papua New Guinea,PNG,2020,1100000.0,18.88434628,21000.0,15.02040005,50.0,9815746.0,Papua New Guinea,PNG,20.5,East Asia & Pacific,Lower middle income,11.206483949360548,0.2139419663059741,34.97959995
Papua New Guinea,PNG,2021,1100000.0,31.60863154,21000.0,16.55960083,50.0,10012896.0,Papua New Guinea,PNG,20.9,East Asia & Pacific,Lower middle income,10.985832670188525,0.2097295327945082,33.44039917
Papua New Guinea,PNG,2022,2000000.0,27.6532693,21900.0,18.25659943,55.91,10203169.0,Papua New Guinea,PNG,19.0,East Asia & Pacific,Lower middle income,19.601753141597477,0.21463919690049238,37.653400569999995
Papua New Guinea,PNG,2023,,29.82417329,23700.0,18.56130028,70.0,10389635.0,Papua New Guinea,PNG,20.5,East Asia & Pacific,Lower middle income,,0.22811195965979553,51.43869972
Papua New Guinea,PNG,2024,2214365.0,30.45601455,24600.0,18.81159973,76.0,10576502.0,Papua New Guinea,PNG,43.3,East Asia & Pacific,Lower middle income,20.93664805244683,0.2325910778440736,57.18840027
Rwanda,RWA,2018,4799139.0,12.8068754940566,7501.0,19.16659927,96.6,12487996.0,Rwanda,RWA,38.0,Sub-Saharan Africa,Low income,38.430017114034946,0.06006568227600329,77.43340072999999
Rwanda,RWA,2019,5341692.0,15.8710124347498,8885.0,21.3579998,98.9,12776103.0,Rwanda,RWA,46.6,Sub-Saharan Africa,Low income,41.810026108900345,0.06954389769713033,77.5420002
Rwanda,RWA,2020,5548624.0,15.16026155,17685.0,23.8,98.07,13065837.0,Rwanda,RWA,45.2,Sub-Saharan Africa,Low income,42.466655599637434,0.13535298197888126,74.27
Rwanda,RWA,2021,6332642.0,28.7584099,31902.0,24.4416008,98.07,13355260.0,Rwanda,RWA,48.7,Sub-Saharan Africa,Low income,47.41683800989273,0.23887217470869157,73.62839919999999
Rwanda,RWA,2022,8279430.0,39.26002687,47772.0,28.01679993,98.76,13651030.0,Rwanda,RWA,50.6,Sub-Saharan Africa,Low income,60.65058827062866,0.34995161537261293,70.74320007
Rwanda,RWA,2023,9277634.0,43.3323953,62175.0,28.80579948,98.76,13954471.0,Rwanda,RWA,63.9,Sub-Saharan Africa,Low income,66.48502834682877,0.44555612319521104,69.95420052
Rwanda,RWA,2024,10208316.0,29.81762918,84919.0,31.70330048,98.76,14256567.0,Rwanda,RWA,72.0,Sub-Saharan Africa,Low income,71.60430698358167,0.5956483071976585,67.05669952000001
Spain,ESP,2018,45983207.0,86.4000002446331,15176954.0,86.107235525659,97.8,47092821.0,Spain,ESP,100.0,Europe & Central Asia,High income,97.64377249772316,32.227744436885615,11.692764474341004
Spain,ESP,2019,48109607.0,91.4376200810825,15616591.0,90.718665325267,99.4,47435119.0,Spain,ESP,100.0,Europe & Central Asia,High income,101.42191695566316,32.92200236706479,8.681334674733009
Spain,ESP,2020,49230580.0,95.37748818,16188502.0,93.20564892,99.6,47679489.0,Spain,ESP,100.0,Europe & Central Asia,High income,103.25316196236918,33.95275901551713,6.394351079999993
Spain,ESP,2021,50935888.0,95.91836698,16674183.0,93.89752157,99.6,47735664.0,Spain,ESP,100.0,Europe & Central Asia,High income,106.70405255073021,34.93024209320729,5.702478429999999
Spain,ESP,2022,52700116.0,96.08471003,17115215.0,94.4855432,99.7,47828382.0,Spain,ESP,100.0,Europe & Central Asia,High income,110.18586411725155,35.784641429015934,5.214456800000008
Spain,ESP,2023,53937217.0,96.44723181,17830207.0,95.44564516,99.8,47911579.0,Spain,ESP,100.0,Europe & Central Asia,High income,112.57657987018128,37.21481815491825,4.354354839999999
Spain,ESP,2024,55707760.0,96.83110578,19015119.0,95.7574516,99.9,47910526.0,Spain,ESP,100.0,Europe & Central Asia,High income,116.27457398401344,39.688812850854525,4.14254840000001
Uganda,UGA,2018,14360847.0,9.1122731882706,,9.326299667,,41565831.0,Uganda,UGA,41.9,Sub-Saharan Africa,Low income,34.549644875378526,,
Uganda,UGA,2019,16971559.0,11.0667016499428,32370.0,11.72579956,40.0,42999637.0,Uganda,UGA,41.3,Sub-Saharan Africa,Low income,39.4690750528894,0.0752797052682096,28.27420044
Uganda,UGA,2020,20117033.0,15.50531469,34596.0,7.4,31.0,44457152.0,Uganda,UGA,42.1,Sub-Saharan Africa,Low income,45.25038625956066,0.07781875006298199,23.6
Uganda,UGA,2021,23914358.0,21.72415876,38512.0,10.0,31.0,45910930.0,Uganda,UGA,45.2,Sub-Saharan Africa,Low income,52.08859415394112,0.08388416440268145,21.0
Uganda,UGA,2022,25680460.0,30.43724577,40256.0,9.636899948,31.0,47312719.0,Uganda,UGA,47.1,Sub-Saharan Africa,Low income,54.27813184864729,0.08508494301500617,21.363100052
Uganda,UGA,2023,15947043.0,34.24229371,44422.0,9.286999702,40.0,48656601.0,Uganda,UGA,51.5,Sub-Saharan Africa,Low income,32.774675321031985,0.09129696503050018,30.713000298
Uganda,UGA,2024,19929926.0,38.2844228,103838.0,8.949831061,82.0,50015092.0,Uganda,UGA,55.3,Sub-Saharan Africa,Low income,39.84782433270342,0.20761333399126808,73.050168939
Ukraine,UKR,2018,19907552.0,61.8762630214114,5405125.0,62.5531553933869,,42216800.0,Ukraine,UKR,100.0,Europe & Central Asia,Upper middle income,47.15552102480529,12.803256049724279,
Ukraine,UKR,2019,32453000.0,65.7804482685701,6784185.0,70.1248442995263,78.1,41983600.0,Ukraine,UKR,100.0,Europe & Central Asia,Upper middle income,77.29923112834535,16.15913118455778,7.975155700473692
Ukraine,UKR,2020,35596384.0,79.24946568,7769401.0,75.03790912,87.15,41732779.0,Ukraine,UKR,100.0,Europe & Central Asia,Upper middle income,85.29598280526682,18.617022844321006,12.11209088000001
Ukraine,UKR,2021,33184499.0,82.67547877,7566286.0,79.21829353,91.6,41418717.0,Ukraine,UKR,100.0,Europe & Central Asia,Upper middle income,80.11957251114272,18.267794243843912,12.381706469999997
Ukraine,UKR,2022,31745494.0,83.98628833,7190920.0,80.47429657,91.0,40997698.0,Ukraine,UKR,100.0,Europe & Central Asia,Upper middle income,77.43238169128422,17.539814064682364,10.525703429999993
Ukraine,UKR,2023,33447546.0,85.14086098,8066305.0,81.58059692,91.0,37732836.0,Ukraine,UKR,100.0,Europe & Central Asia,Upper middle income,88.64307469494209,21.377415151090155,9.419403079999995
Ukraine,UKR,2024,32867129.0,86.07418675,8196087.0,82.47489929,95.0,37860222.0,Ukraine,UKR,100.0,Europe & Central Asia,Upper middle income,86.81177041170017,21.648280350812524,12.525100710000004
United States,USA,2018,463097000.0,85.3497942386831,110756000.0,88.498903165152,99.9,335056497.0,United States,USA,100.0,North America,High income,138.21460086476102,33.05591773079392,11.401096834848005
United States,USA,2019,492896000.0,86.6123778501629,114292000.0,89.4302848575712,99.9,337790067.0,United States,USA,100.0,North America,High income,145.91784902899468,33.835216356435964,10.46971514242881
United States,USA,2020,523908000.0,90.55359604,121232000.0,90.34470367,99.9,339436159.0,United States,USA,100.0,North America,High income,154.34654974398293,35.71569992930541,9.555296330000004
United States,USA,2021,558700000.0,94.35238626,125885000.0,91.2684021,99.9,340161441.0,United States,USA,100.0,North America,High income,164.24554128108835,37.00742789362772,8.631597900000003
United States,USA,2022,593197000.0,92.66271405,128037000.0,92.72850037,99.5,341534046.0,United States,USA,100.0,North America,High income,173.68605178530282,37.48879548014373,6.771499629999994
United States,USA,2023,634343000.0,94.77199755,130844000.0,93.52559662,99.0,343477335.0,United States,USA,100.0,North America,High income,184.6826370654122,38.09392546963834,5.474403379999998
United States,USA,2024,679479000.0,94.85512356,134223000.0,94.69380188,99.0,345426571.0,United States,USA,100.0,North America,High income,196.70721856541834,38.857172918524554,4.306198120000005
