SeriesID,SeriesCode,Series,Unit,Database,Year,AreaName,AreaCode,DisaggregationGroup,Disaggregation1,Disaggregation2,Value,Notes,Source,LastModifiedOn
9232,HHU4212-%_POP-ISCED01-FEMALE,HH07 - Individuals who used the internet (from any location) - %_POP - ISCED01 - FEMALE,% of individuals,ITU Households Database,2025,France,FRA,Gender,Primary or less,Female,46.944590792541035,Aged 15 and older,Institut National de la Statistique et des Etudes Economiques,2026-06-26
8810,HHA4213-%_HH-CHILDREN-,HH06 - Households with Internet access at home - %_HH - CHILDREN,% of households,ITU Households Database,2025,France,FRA,Family,Children,,98.32620129144861,,Institut National de la Statistique et des Etudes Economiques,2026-07-05
8816,HHA4213-%_HH-NOCHILDREN-,HH06 - Households with Internet access at home - %_HH - NOCHILDREN,% of households,ITU Households Database,2025,France,FRA,Family,No Children,,87.2171877182182,,Institut National de la Statistique et des Etudes Economiques,2026-07-05
9231,HHU4212-%_POP-ISCED01-,HH07 - Individuals who used the internet (from any location) - %_POP - ISCED01,% of individuals,ITU Households Database,2025,France,FRA,Education,Primary or less,,51.69578951050404,Aged 15 and older,Institut National de la Statistique et des Etudes Economiques,2026-06-02
8812,HHA4213-%_HH-CHILDREN-URBAN,HH06 - Households with Internet access at home - %_HH - CHILDREN - URBAN,% of households,ITU Households Database,2025,France,FRA,Location,Children,Urban,97.96096372913689,,Institut National de la Statistique et des Etudes Economiques,2026-07-04
9237,HHU4212-%_POP-ISCED34-,HH07 - Individuals who used the internet (from any location) - %_POP - ISCED34,% of individuals,ITU Households Database,2025,France,FRA,Education,Upper secondary,,92.39453873941727,Aged 15 and older,Institut National de la Statistique et des Etudes Economiques,2026-06-26
9236,HHU4212-%_POP-ISCED2-MALE,HH07 - Individuals who used the internet (from any location) - %_POP - ISCED2 - MALE,% of individuals,ITU Households Database,2025,France,FRA,Gender,Lower secondary,Male,90.58650972571789,Aged 15 and older,Institut National de la Statistique et des Etudes Economiques,2026-06-02
9234,HHU4212-%_POP-ISCED2-,HH07 - Individuals who used the internet (from any location) - %_POP - ISCED2,% of individuals,ITU Households Database,2025,France,FRA,Education,Lower secondary,,88.39016398573192,Aged 15 and older,Institut National de la Statistique et des Etudes Economiques,2026-06-26
9235,HHU4212-%_POP-ISCED2-FEMALE,HH07 - Individuals who used the internet (from any location) - %_POP - ISCED2 - FEMALE,% of individuals,ITU Households Database,2025,France,FRA,Gender,Lower secondary,Female,86.65442492768804,Aged 15 and older,Institut National de la Statistique et des Etudes Economiques,2026-06-02
8818,HHA4213-%_HH-NOCHILDREN-URBAN,HH06 - Households with Internet access at home - %_HH - NOCHILDREN - URBAN,% of households,ITU Households Database,2025,France,FRA,Location,No Children,Urban,87.89317660508841,,Institut National de la Statistique et des Etudes Economiques,2026-06-02
9240,HHU4212-%_POP-ISCED56-,HH07 - Individuals who used the internet (from any location) - %_POP - ISCED56,% of individuals,ITU Households Database,2025,France,FRA,Education,Tertiary education,,98.56630985763286,Aged 15 and older,Institut National de la Statistique et des Etudes Economiques,2026-06-02
8817,HHA4213-%_HH-NOCHILDREN-RURAL,HH06 - Households with Internet access at home - %_HH - NOCHILDREN - RURAL,% of households,ITU Households Database,2025,France,FRA,Location,No Children,Rural,84.29688630475354,,Institut National de la Statistique et des Etudes Economiques,2026-07-05
9238,HHU4212-%_POP-ISCED34-FEMALE,HH07 - Individuals who used the internet (from any location) - %_POP - ISCED34 - FEMALE,% of individuals,ITU Households Database,2025,France,FRA,Gender,Upper secondary,Female,93.007708466283,Aged 15 and older,Institut National de la Statistique et des Etudes Economiques,2026-06-02
9241,HHU4212-%_POP-ISCED56-FEMALE,HH07 - Individuals who used the internet (from any location) - %_POP - ISCED56 - FEMALE,% of individuals,ITU Households Database,2025,France,FRA,Gender,Tertiary education,Female,98.45829683220482,Aged 15 and older,Institut National de la Statistique et des Etudes Economiques,2026-06-26
9233,HHU4212-%_POP-ISCED01-MALE,HH07 - Individuals who used the internet (from any location) - %_POP - ISCED01 - MALE,% of individuals,ITU Households Database,2025,France,FRA,Gender,Primary or less,Male,58.0754909094364,Aged 15 and older,Institut National de la Statistique et des Etudes Economiques,2026-06-02
9239,HHU4212-%_POP-ISCED34-MALE,HH07 - Individuals who used the internet (from any location) - %_POP - ISCED34 - MALE,% of individuals,ITU Households Database,2025,France,FRA,Gender,Upper secondary,Male,91.8009253978345,Aged 15 and older,Institut National de la Statistique et des Etudes Economiques,2026-06-26
9242,HHU4212-%_POP-ISCED56-MALE,HH07 - Individuals who used the internet (from any location) - %_POP - ISCED56 - MALE,% of individuals,ITU Households Database,2025,France,FRA,Gender,Tertiary education,Male,98.68286784571568,Aged 15 and older,Institut National de la Statistique et des Etudes Economiques,2026-06-02
8811,HHA4213-%_HH-CHILDREN-RURAL,HH06 - Households with Internet access at home - %_HH - CHILDREN - RURAL,% of households,ITU Households Database,2025,France,FRA,Location,Children,Rural,99.68400297082934,,Institut National de la Statistique et des Etudes Economiques,2026-07-05
12047,xHH6_IDI,Estimated proportion of households with Internet access at home,% of households,ITU World Telecommunication Indicators Database,2025,France,FRA,,,,89.58688551,,Institut National de la Statistique et des Etudes Economiques,2026-07-08
8819,HHA4213-%_HH-RURAL-,HH06 - Households with Internet access at home - %_HH - RURAL,% of households,ITU Households Database,2025,France,FRA,Location,Rural,,87.90026885911804,,Institut National de la Statistique et des Etudes Economiques,2026-07-07
8820,HHA4213-%_HH-URBAN-,HH06 - Households with Internet access at home - %_HH - URBAN,% of households,ITU Households Database,2025,France,FRA,Location,Urban,,89.9904870755534,,Institut National de la Statistique et des Etudes Economiques,2026-07-05
8819,HHA4213-%_HH-RURAL-,HH06 - Households with Internet access at home - %_HH - RURAL,% of households,ITU Households Database,2025,Portugal,PRT,Location,Rural,,88.03420269715801,,Instituto Nacional de Estatistica,2026-06-09
8820,HHA4213-%_HH-URBAN-,HH06 - Households with Internet access at home - %_HH - URBAN,% of households,ITU Households Database,2025,Portugal,PRT,Location,Urban,,94.59960249751973,,Instituto Nacional de Estatistica,2026-06-09
9231,HHU4212-%_POP-ISCED01-,HH07 - Individuals who used the internet (from any location) - %_POP - ISCED01,% of individuals,ITU Households Database,2025,Portugal,PRT,Education,Primary or less,,61.19832891753391,Aged 16-74,Instituto Nacional de Estatistica,2026-06-09
9236,HHU4212-%_POP-ISCED2-MALE,HH07 - Individuals who used the internet (from any location) - %_POP - ISCED2 - MALE,% of individuals,ITU Households Database,2025,Portugal,PRT,Gender,Lower secondary,Male,94.63327370304114,Aged 16-74,Instituto Nacional de Estatistica,2026-06-09
8818,HHA4213-%_HH-NOCHILDREN-URBAN,HH06 - Households with Internet access at home - %_HH - NOCHILDREN - URBAN,% of households,ITU Households Database,2025,Portugal,PRT,Location,No Children,Urban,93.70364519489765,,Instituto Nacional de Estatistica,2026-06-09
8810,HHA4213-%_HH-CHILDREN-,HH06 - Households with Internet access at home - %_HH - CHILDREN,% of households,ITU Households Database,2025,Portugal,PRT,Family,Children,,98.90332574607991,,Instituto Nacional de Estatistica,2026-06-09
8817,HHA4213-%_HH-NOCHILDREN-RURAL,HH06 - Households with Internet access at home - %_HH - NOCHILDREN - RURAL,% of households,ITU Households Database,2025,Portugal,PRT,Location,No Children,Rural,86.11345041289921,,Instituto Nacional de Estatistica,2026-06-09
8816,HHA4213-%_HH-NOCHILDREN-,HH06 - Households with Internet access at home - %_HH - NOCHILDREN,% of households,ITU Households Database,2025,Portugal,PRT,Family,No Children,,89.57864764221551,,Instituto Nacional de Estatistica,2026-06-09
8812,HHA4213-%_HH-CHILDREN-URBAN,HH06 - Households with Internet access at home - %_HH - CHILDREN - URBAN,% of households,ITU Households Database,2025,Portugal,PRT,Location,Children,Urban,98.79856427493698,,Instituto Nacional de Estatistica,2026-06-09
9232,HHU4212-%_POP-ISCED01-FEMALE,HH07 - Individuals who used the internet (from any location) - %_POP - ISCED01 - FEMALE,% of individuals,ITU Households Database,2025,Portugal,PRT,Gender,Primary or less,Female,60.066859489815386,Aged 16-74,Instituto Nacional de Estatistica,2026-06-09
8811,HHA4213-%_HH-CHILDREN-RURAL,HH06 - Households with Internet access at home - %_HH - CHILDREN - RURAL,% of households,ITU Households Database,2025,Portugal,PRT,Location,Children,Rural,99.0103128409749,,Instituto Nacional de Estatistica,2026-06-09
9242,HHU4212-%_POP-ISCED56-MALE,HH07 - Individuals who used the internet (from any location) - %_POP - ISCED56 - MALE,% of individuals,ITU Households Database,2025,Portugal,PRT,Gender,Tertiary education,Male,99.16290799747806,Aged 16-74,Instituto Nacional de Estatistica,2026-06-09
9233,HHU4212-%_POP-ISCED01-MALE,HH07 - Individuals who used the internet (from any location) - %_POP - ISCED01 - MALE,% of individuals,ITU Households Database,2025,Portugal,PRT,Gender,Primary or less,Male,62.35271876709402,Aged 16-74,Instituto Nacional de Estatistica,2026-06-09
9241,HHU4212-%_POP-ISCED56-FEMALE,HH07 - Individuals who used the internet (from any location) - %_POP - ISCED56 - FEMALE,% of individuals,ITU Households Database,2025,Portugal,PRT,Gender,Tertiary education,Female,99.45904276476737,Aged 16-74,Instituto Nacional de Estatistica,2026-06-09
9240,HHU4212-%_POP-ISCED56-,HH07 - Individuals who used the internet (from any location) - %_POP - ISCED56,% of individuals,ITU Households Database,2025,Portugal,PRT,Education,Tertiary education,,99.33450137574728,Aged 16-74,Instituto Nacional de Estatistica,2026-06-09
9234,HHU4212-%_POP-ISCED2-,HH07 - Individuals who used the internet (from any location) - %_POP - ISCED2,% of individuals,ITU Households Database,2025,Portugal,PRT,Education,Lower secondary,,93.87782692546133,Aged 16-74,Instituto Nacional de Estatistica,2026-06-09
9239,HHU4212-%_POP-ISCED34-MALE,HH07 - Individuals who used the internet (from any location) - %_POP - ISCED34 - MALE,% of individuals,ITU Households Database,2025,Portugal,PRT,Gender,Upper secondary,Male,98.70281581237047,Aged 16-74,Instituto Nacional de Estatistica,2026-06-09
9238,HHU4212-%_POP-ISCED34-FEMALE,HH07 - Individuals who used the internet (from any location) - %_POP - ISCED34 - FEMALE,% of individuals,ITU Households Database,2025,Portugal,PRT,Gender,Upper secondary,Female,97.51592430110927,Aged 16-74,Instituto Nacional de Estatistica,2026-06-09
9235,HHU4212-%_POP-ISCED2-FEMALE,HH07 - Individuals who used the internet (from any location) - %_POP - ISCED2 - FEMALE,% of individuals,ITU Households Database,2025,Portugal,PRT,Gender,Lower secondary,Female,92.91343938376255,Aged 16-74,Instituto Nacional de Estatistica,2026-06-09
9237,HHU4212-%_POP-ISCED34-,HH07 - Individuals who used the internet (from any location) - %_POP - ISCED34,% of individuals,ITU Households Database,2025,Portugal,PRT,Education,Upper secondary,,98.10517099064671,Aged 16-74,Instituto Nacional de Estatistica,2026-06-09
12047,xHH6_IDI,Estimated proportion of households with Internet access at home,% of households,ITU World Telecommunication Indicators Database,2025,Portugal,PRT,,,,91.08397296,,Instituto Nacional de Estatistica,2026-07-08
12047,xHH6_IDI,Estimated proportion of households with Internet access at home,% of households,ITU World Telecommunication Indicators Database,2025,Singapore,SGP,,,,98.15842626,,Infocomm Media Development Authority,2026-07-08
8816,HHA4213-%_HH-NOCHILDREN-,HH06 - Households with Internet access at home - %_HH - NOCHILDREN,% of households,ITU Households Database,2025,Singapore,SGP,Family,No Children,,97.6656410559911,,Infocomm Media Development Authority ,2026-05-23
8810,HHA4213-%_HH-CHILDREN-,HH06 - Households with Internet access at home - %_HH - CHILDREN,% of households,ITU Households Database,2025,Singapore,SGP,Family,Children,,99.5522522533418,,Infocomm Media Development Authority ,2026-05-23
8816,HHA4213-%_HH-NOCHILDREN-,HH06 - Households with Internet access at home - %_HH - NOCHILDREN,% of households,ITU Households Database,2024,France,FRA,Family,No Children,,86.47645624191851,,Institut National de la Statistique et des Etudes Economiques,2026-07-05
9238,HHU4212-%_POP-ISCED34-FEMALE,HH07 - Individuals who used the internet (from any location) - %_POP - ISCED34 - FEMALE,% of individuals,ITU Households Database,2024,France,FRA,Gender,Upper secondary,Female,92.55284140711726,,Institut National de la Statistique et des Etudes Economiques,2026-07-07
9240,HHU4212-%_POP-ISCED56-,HH07 - Individuals who used the internet (from any location) - %_POP - ISCED56,% of individuals,ITU Households Database,2024,France,FRA,Education,Tertiary education,,97.88583944375469,,Institut National de la Statistique et des Etudes Economiques,2026-07-07
8818,HHA4213-%_HH-NOCHILDREN-URBAN,HH06 - Households with Internet access at home - %_HH - NOCHILDREN - URBAN,% of households,ITU Households Database,2024,France,FRA,Location,No Children,Urban,87.30513121004606,,Institut National de la Statistique et des Etudes Economiques,2026-07-05
9239,HHU4212-%_POP-ISCED34-MALE,HH07 - Individuals who used the internet (from any location) - %_POP - ISCED34 - MALE,% of individuals,ITU Households Database,2024,France,FRA,Gender,Upper secondary,Male,90.98510521920092,,Institut National de la Statistique et des Etudes Economiques,2026-07-07
8810,HHA4213-%_HH-CHILDREN-,HH06 - Households with Internet access at home - %_HH - CHILDREN,% of households,ITU Households Database,2024,France,FRA,Family,Children,,98.67744892833463,,Institut National de la Statistique et des Etudes Economiques,2026-07-06
9237,HHU4212-%_POP-ISCED34-,HH07 - Individuals who used the internet (from any location) - %_POP - ISCED34,% of individuals,ITU Households Database,2024,France,FRA,Education,Upper secondary,,91.78733957199088,,Institut National de la Statistique et des Etudes Economiques,2026-07-07
9233,HHU4212-%_POP-ISCED01-MALE,HH07 - Individuals who used the internet (from any location) - %_POP - ISCED01 - MALE,% of individuals,ITU Households Database,2024,France,FRA,Gender,Primary or less,Male,49.366420728528226,,Institut National de la Statistique et des Etudes Economiques,2026-07-07
9231,HHU4212-%_POP-ISCED01-,HH07 - Individuals who used the internet (from any location) - %_POP - ISCED01,% of individuals,ITU Households Database,2024,France,FRA,Education,Primary or less,,47.732761197159334,,Institut National de la Statistique et des Etudes Economiques,2026-07-07
9242,HHU4212-%_POP-ISCED56-MALE,HH07 - Individuals who used the internet (from any location) - %_POP - ISCED56 - MALE,% of individuals,ITU Households Database,2024,France,FRA,Gender,Tertiary education,Male,97.26909753561235,,Institut National de la Statistique et des Etudes Economiques,2026-07-07
8812,HHA4213-%_HH-CHILDREN-URBAN,HH06 - Households with Internet access at home - %_HH - CHILDREN - URBAN,% of households,ITU Households Database,2024,France,FRA,Location,Children,Urban,98.61536747969323,,Institut National de la Statistique et des Etudes Economiques,2026-07-05
9235,HHU4212-%_POP-ISCED2-FEMALE,HH07 - Individuals who used the internet (from any location) - %_POP - ISCED2 - FEMALE,% of individuals,ITU Households Database,2024,France,FRA,Gender,Lower secondary,Female,86.25527684153599,,Institut National de la Statistique et des Etudes Economiques,2026-07-07
9232,HHU4212-%_POP-ISCED01-FEMALE,HH07 - Individuals who used the internet (from any location) - %_POP - ISCED01 - FEMALE,% of individuals,ITU Households Database,2024,France,FRA,Gender,Primary or less,Female,46.521442022294906,,Institut National de la Statistique et des Etudes Economiques,2026-07-07
8811,HHA4213-%_HH-CHILDREN-RURAL,HH06 - Households with Internet access at home - %_HH - CHILDREN - RURAL,% of households,ITU Households Database,2024,France,FRA,Location,Children,Rural,98.89396528523115,,Institut National de la Statistique et des Etudes Economiques,2026-07-06
9236,HHU4212-%_POP-ISCED2-MALE,HH07 - Individuals who used the internet (from any location) - %_POP - ISCED2 - MALE,% of individuals,ITU Households Database,2024,France,FRA,Gender,Lower secondary,Male,90.25167572912966,,Institut National de la Statistique et des Etudes Economiques,2026-07-07
8817,HHA4213-%_HH-NOCHILDREN-RURAL,HH06 - Households with Internet access at home - %_HH - NOCHILDREN - RURAL,% of households,ITU Households Database,2024,France,FRA,Location,No Children,Rural,82.68300489128897,,Institut National de la Statistique et des Etudes Economiques,2026-07-05
9241,HHU4212-%_POP-ISCED56-FEMALE,HH07 - Individuals who used the internet (from any location) - %_POP - ISCED56 - FEMALE,% of individuals,ITU Households Database,2024,France,FRA,Gender,Tertiary education,Female,97.96120502800854,,Institut National de la Statistique et des Etudes Economiques,2026-07-07
9234,HHU4212-%_POP-ISCED2-,HH07 - Individuals who used the internet (from any location) - %_POP - ISCED2,% of individuals,ITU Households Database,2024,France,FRA,Education,Lower secondary,,88.25563842659025,,Institut National de la Statistique et des Etudes Economiques,2026-07-07
8819,HHA4213-%_HH-RURAL-,HH06 - Households with Internet access at home - %_HH - RURAL,% of households,ITU Households Database,2024,France,FRA,Location,Rural,,86.87499161512766,,Institut National de la Statistique et des Etudes Economiques,2026-07-06
8820,HHA4213-%_HH-URBAN-,HH06 - Households with Internet access at home - %_HH - URBAN,% of households,ITU Households Database,2024,France,FRA,Location,Urban,,89.67958433989457,,Institut National de la Statistique et des Etudes Economiques,2026-07-05
12047,xHH6_IDI,Estimated proportion of households with Internet access at home,% of households,ITU World Telecommunication Indicators Database,2024,France,FRA,,,,89.15000133,,Institut National de la Statistique et des Etudes Economiques,2026-02-02
12047,xHH6_IDI,Estimated proportion of households with Internet access at home,% of households,ITU World Telecommunication Indicators Database,2024,Ghana,GHA,,,,73.54179336,,ITU estimate.,2026-02-02
12047,xHH6_IDI,Estimated proportion of households with Internet access at home,% of households,ITU World Telecommunication Indicators Database,2024,Nigeria,NGA,,,,44.9492311,,ITU estimate.,2026-02-02
12047,xHH6_IDI,Estimated proportion of households with Internet access at home,% of households,ITU World Telecommunication Indicators Database,2024,Portugal,PRT,,,,90.59829283,,Instituto Nacional de Estatistica,2026-02-02
8816,HHA4213-%_HH-NOCHILDREN-,HH06 - Households with Internet access at home - %_HH - NOCHILDREN,% of households,ITU Households Database,2024,Portugal,PRT,Family,No Children,,88.99500975223206,,Instituto Nacional de Estatistica,2026-07-05
8811,HHA4213-%_HH-CHILDREN-RURAL,HH06 - Households with Internet access at home - %_HH - CHILDREN - RURAL,% of households,ITU Households Database,2024,Portugal,PRT,Location,Children,Rural,99.05295343236735,,Instituto Nacional de Estatistica,2026-07-06
9232,HHU4212-%_POP-ISCED01-FEMALE,HH07 - Individuals who used the internet (from any location) - %_POP - ISCED01 - FEMALE,% of individuals,ITU Households Database,2024,Portugal,PRT,Gender,Primary or less,Female,59.995224113883175,,Instituto Nacional de Estatistica,2026-07-07
9242,HHU4212-%_POP-ISCED56-MALE,HH07 - Individuals who used the internet (from any location) - %_POP - ISCED56 - MALE,% of individuals,ITU Households Database,2024,Portugal,PRT,Gender,Tertiary education,Male,98.64650322055041,,Instituto Nacional de Estatistica,2026-07-07
9237,HHU4212-%_POP-ISCED34-,HH07 - Individuals who used the internet (from any location) - %_POP - ISCED34,% of individuals,ITU Households Database,2024,Portugal,PRT,Education,Upper secondary,,98.06619597113307,,Instituto Nacional de Estatistica,2026-07-07
8810,HHA4213-%_HH-CHILDREN-,HH06 - Households with Internet access at home - %_HH - CHILDREN,% of households,ITU Households Database,2024,Portugal,PRT,Family,Children,,99.18045679186086,,Instituto Nacional de Estatistica,2026-07-06
9241,HHU4212-%_POP-ISCED56-FEMALE,HH07 - Individuals who used the internet (from any location) - %_POP - ISCED56 - FEMALE,% of individuals,ITU Households Database,2024,Portugal,PRT,Gender,Tertiary education,Female,98.84712437339114,,Instituto Nacional de Estatistica,2026-07-07
8817,HHA4213-%_HH-NOCHILDREN-RURAL,HH06 - Households with Internet access at home - %_HH - NOCHILDREN - RURAL,% of households,ITU Households Database,2024,Portugal,PRT,Location,No Children,Rural,85.25502546843732,,Instituto Nacional de Estatistica,2026-07-05
9240,HHU4212-%_POP-ISCED56-,HH07 - Individuals who used the internet (from any location) - %_POP - ISCED56,% of individuals,ITU Households Database,2024,Portugal,PRT,Education,Tertiary education,,98.76496742356699,,Instituto Nacional de Estatistica,2026-07-07
9233,HHU4212-%_POP-ISCED01-MALE,HH07 - Individuals who used the internet (from any location) - %_POP - ISCED01 - MALE,% of individuals,ITU Households Database,2024,Portugal,PRT,Gender,Primary or less,Male,60.62305213554271,,Instituto Nacional de Estatistica,2026-07-07
9235,HHU4212-%_POP-ISCED2-FEMALE,HH07 - Individuals who used the internet (from any location) - %_POP - ISCED2 - FEMALE,% of individuals,ITU Households Database,2024,Portugal,PRT,Gender,Lower secondary,Female,90.63731809400069,,Instituto Nacional de Estatistica,2026-07-07
8818,HHA4213-%_HH-NOCHILDREN-URBAN,HH06 - Households with Internet access at home - %_HH - NOCHILDREN - URBAN,% of households,ITU Households Database,2024,Portugal,PRT,Location,No Children,Urban,93.45802698115281,,Instituto Nacional de Estatistica,2026-07-05
9239,HHU4212-%_POP-ISCED34-MALE,HH07 - Individuals who used the internet (from any location) - %_POP - ISCED34 - MALE,% of individuals,ITU Households Database,2024,Portugal,PRT,Gender,Upper secondary,Male,98.36668880446862,,Instituto Nacional de Estatistica,2026-07-07
9238,HHU4212-%_POP-ISCED34-FEMALE,HH07 - Individuals who used the internet (from any location) - %_POP - ISCED34 - FEMALE,% of individuals,ITU Households Database,2024,Portugal,PRT,Gender,Upper secondary,Female,97.7495610004444,,Instituto Nacional de Estatistica,2025-07-03
9234,HHU4212-%_POP-ISCED2-,HH07 - Individuals who used the internet (from any location) - %_POP - ISCED2,% of individuals,ITU Households Database,2024,Portugal,PRT,Education,Lower secondary,,91.64095478008987,,Instituto Nacional de Estatistica,2026-07-07
8812,HHA4213-%_HH-CHILDREN-URBAN,HH06 - Households with Internet access at home - %_HH - CHILDREN - URBAN,% of households,ITU Households Database,2024,Portugal,PRT,Location,Children,Urban,99.30303757564751,,Instituto Nacional de Estatistica,2026-07-05
9231,HHU4212-%_POP-ISCED01-,HH07 - Individuals who used the internet (from any location) - %_POP - ISCED01,% of individuals,ITU Households Database,2024,Portugal,PRT,Education,Primary or less,,60.306753599143434,,Instituto Nacional de Estatistica,2026-07-07
9236,HHU4212-%_POP-ISCED2-MALE,HH07 - Individuals who used the internet (from any location) - %_POP - ISCED2 - MALE,% of individuals,ITU Households Database,2024,Portugal,PRT,Gender,Lower secondary,Male,92.48660231214367,,Instituto Nacional de Estatistica,2026-07-07
8820,HHA4213-%_HH-URBAN-,HH06 - Households with Internet access at home - %_HH - URBAN,% of households,ITU Households Database,2024,Portugal,PRT,Location,Urban,,94.46915514103425,,Instituto Nacional de Estatistica,2026-07-05
8819,HHA4213-%_HH-RURAL-,HH06 - Households with Internet access at home - %_HH - RURAL,% of households,ITU Households Database,2024,Portugal,PRT,Location,Rural,,87.24045443196734,,Instituto Nacional de Estatistica,2026-07-06
12047,xHH6_IDI,Estimated proportion of households with Internet access at home,% of households,ITU World Telecommunication Indicators Database,2024,Singapore,SGP,,,,98.52414368,,Infocomm Media Development Authority,2026-02-02
8810,HHA4213-%_HH-CHILDREN-,HH06 - Households with Internet access at home - %_HH - CHILDREN,% of households,ITU Households Database,2024,Singapore,SGP,Family,Children,,99.7699672077466,,Infocomm Media Development Authority,2025-07-03
8816,HHA4213-%_HH-NOCHILDREN-,HH06 - Households with Internet access at home - %_HH - NOCHILDREN,% of households,ITU Households Database,2024,Singapore,SGP,Family,No Children,,98.09096309053665,,Infocomm Media Development Authority,2026-07-05
12047,xHH6_IDI,Estimated proportion of households with Internet access at home,% of households,ITU World Telecommunication Indicators Database,2024,Tanzania,TZA,,,,48.14932703,,ITU estimate.,2026-02-02
12047,xHH6_IDI,Estimated proportion of households with Internet access at home,% of households,ITU World Telecommunication Indicators Database,2024,United States,USA,,,,94.85512356,,ITU estimate.,2026-02-02
12047,xHH6_IDI,Estimated proportion of households with Internet access at home,% of households,ITU World Telecommunication Indicators Database,2023,France,FRA,,,,88.13595487,,Institut National de la Statistique et des Etudes Economiques,2026-02-02
8820,HHA4213-%_HH-URBAN-,HH06 - Households with Internet access at home - %_HH - URBAN,% of households,ITU Households Database,2023,France,FRA,Location,Urban,,88.69638173913553,,Institut National de la Statistique et des Etudes Economiques,2026-07-05
8819,HHA4213-%_HH-RURAL-,HH06 - Households with Internet access at home - %_HH - RURAL,% of households,ITU Households Database,2023,France,FRA,Location,Rural,,85.9910172070226,,Institut National de la Statistique et des Etudes Economiques,2025-07-04
9242,HHU4212-%_POP-ISCED56-MALE,HH07 - Individuals who used the internet (from any location) - %_POP - ISCED56 - MALE,% of individuals,ITU Households Database,2023,France,FRA,Gender,Tertiary education,Male,97.47107990121293,,Institut National de la Statistique et des Etudes Economiques,2026-07-07
9239,HHU4212-%_POP-ISCED34-MALE,HH07 - Individuals who used the internet (from any location) - %_POP - ISCED34 - MALE,% of individuals,ITU Households Database,2023,France,FRA,Gender,Upper secondary,Male,90.19542503620123,,Institut National de la Statistique et des Etudes Economiques,2026-07-07
9237,HHU4212-%_POP-ISCED34-,HH07 - Individuals who used the internet (from any location) - %_POP - ISCED34,% of individuals,ITU Households Database,2023,France,FRA,Education,Upper secondary,,90.60960490602469,,Institut National de la Statistique et des Etudes Economiques,2026-07-07
9231,HHU4212-%_POP-ISCED01-,HH07 - Individuals who used the internet (from any location) - %_POP - ISCED01,% of individuals,ITU Households Database,2023,France,FRA,Education,Primary or less,,48.2106444589469,,Institut National de la Statistique et des Etudes Economiques,2025-07-04
8810,HHA4213-%_HH-CHILDREN-,HH06 - Households with Internet access at home - %_HH - CHILDREN,% of households,ITU Households Database,2023,France,FRA,Family,Children,,98.58198255854583,,Institut National de la Statistique et des Etudes Economiques,2026-07-06
8816,HHA4213-%_HH-NOCHILDREN-,HH06 - Households with Internet access at home - %_HH - NOCHILDREN,% of households,ITU Households Database,2023,France,FRA,Family,No Children,,85.24842181248825,,Institut National de la Statistique et des Etudes Economiques,2026-07-05
9236,HHU4212-%_POP-ISCED2-MALE,HH07 - Individuals who used the internet (from any location) - %_POP - ISCED2 - MALE,% of individuals,ITU Households Database,2023,France,FRA,Gender,Lower secondary,Male,88.362243848471,,Institut National de la Statistique et des Etudes Economiques,2025-07-04
8811,HHA4213-%_HH-CHILDREN-RURAL,HH06 - Households with Internet access at home - %_HH - CHILDREN - RURAL,% of households,ITU Households Database,2023,France,FRA,Location,Children,Rural,98.91161360523594,,Institut National de la Statistique et des Etudes Economiques,2026-07-06
9232,HHU4212-%_POP-ISCED01-FEMALE,HH07 - Individuals who used the internet (from any location) - %_POP - ISCED01 - FEMALE,% of individuals,ITU Households Database,2023,France,FRA,Gender,Primary or less,Female,46.660101130461854,,Institut National de la Statistique et des Etudes Economiques,2026-07-07
9238,HHU4212-%_POP-ISCED34-FEMALE,HH07 - Individuals who used the internet (from any location) - %_POP - ISCED34 - FEMALE,% of individuals,ITU Households Database,2023,France,FRA,Gender,Upper secondary,Female,91.05516151577524,,Institut National de la Statistique et des Etudes Economiques,2026-07-07
9233,HHU4212-%_POP-ISCED01-MALE,HH07 - Individuals who used the internet (from any location) - %_POP - ISCED01 - MALE,% of individuals,ITU Households Database,2023,France,FRA,Gender,Primary or less,Male,50.344631797280414,,Institut National de la Statistique et des Etudes Economiques,2026-07-07
8812,HHA4213-%_HH-CHILDREN-URBAN,HH06 - Households with Internet access at home - %_HH - CHILDREN - URBAN,% of households,ITU Households Database,2023,France,FRA,Location,Children,Urban,98.49038612839689,,Institut National de la Statistique et des Etudes Economiques,2026-07-05
9234,HHU4212-%_POP-ISCED2-,HH07 - Individuals who used the internet (from any location) - %_POP - ISCED2,% of individuals,ITU Households Database,2023,France,FRA,Education,Lower secondary,,88.54934503640034,,Institut National de la Statistique et des Etudes Economiques,2026-07-07
8818,HHA4213-%_HH-NOCHILDREN-URBAN,HH06 - Households with Internet access at home - %_HH - NOCHILDREN - URBAN,% of households,ITU Households Database,2023,France,FRA,Location,No Children,Urban,86.03365321340578,,Institut National de la Statistique et des Etudes Economiques,2026-07-05
9240,HHU4212-%_POP-ISCED56-,HH07 - Individuals who used the internet (from any location) - %_POP - ISCED56,% of individuals,ITU Households Database,2023,France,FRA,Education,Tertiary education,,97.61549487937704,,Institut National de la Statistique et des Etudes Economiques,2026-07-07
9241,HHU4212-%_POP-ISCED56-FEMALE,HH07 - Individuals who used the internet (from any location) - %_POP - ISCED56 - FEMALE,% of individuals,ITU Households Database,2023,France,FRA,Gender,Tertiary education,Female,97.73655057780162,,Institut National de la Statistique et des Etudes Economiques,2026-07-07
8817,HHA4213-%_HH-NOCHILDREN-RURAL,HH06 - Households with Internet access at home - %_HH - NOCHILDREN - RURAL,% of households,ITU Households Database,2023,France,FRA,Location,No Children,Rural,82.1904709394685,,Institut National de la Statistique et des Etudes Economiques,2025-07-04
9235,HHU4212-%_POP-ISCED2-FEMALE,HH07 - Individuals who used the internet (from any location) - %_POP - ISCED2 - FEMALE,% of individuals,ITU Households Database,2023,France,FRA,Gender,Lower secondary,Female,88.71547693488007,,Institut National de la Statistique et des Etudes Economiques,2026-07-07
12047,xHH6_IDI,Estimated proportion of households with Internet access at home,% of households,ITU World Telecommunication Indicators Database,2023,Ghana,GHA,,,,70.51436381,,ITU estimate.,2026-02-02
12047,xHH6_IDI,Estimated proportion of households with Internet access at home,% of households,ITU World Telecommunication Indicators Database,2023,Nigeria,NGA,,,,41.67053979,,ITU estimate.,2026-02-02
12047,xHH6_IDI,Estimated proportion of households with Internet access at home,% of households,ITU World Telecommunication Indicators Database,2023,Portugal,PRT,,,,89.00624455,Households with at least one individual aged 16 to 74 years old,Instituto Nacional de Estatistica,2026-02-02
9236,HHU4212-%_POP-ISCED2-MALE,HH07 - Individuals who used the internet (from any location) - %_POP - ISCED2 - MALE,% of individuals,ITU Households Database,2023,Portugal,PRT,Gender,Lower secondary,Male,92.72418966539897,,Instituto Nacional de Estatistica,2026-07-07
8810,HHA4213-%_HH-CHILDREN-,HH06 - Households with Internet access at home - %_HH - CHILDREN,% of households,ITU Households Database,2023,Portugal,PRT,Family,Children,,98.55267681125868,,Instituto Nacional de Estatistica,2026-07-06
9231,HHU4212-%_POP-ISCED01-,HH07 - Individuals who used the internet (from any location) - %_POP - ISCED01,% of individuals,ITU Households Database,2023,Portugal,PRT,Education,Primary or less,,53.43953240960303,,Instituto Nacional de Estatistica,2026-07-07
9232,HHU4212-%_POP-ISCED01-FEMALE,HH07 - Individuals who used the internet (from any location) - %_POP - ISCED01 - FEMALE,% of individuals,ITU Households Database,2023,Portugal,PRT,Gender,Primary or less,Female,48.951871199270016,,Instituto Nacional de Estatistica,2026-07-07
9233,HHU4212-%_POP-ISCED01-MALE,HH07 - Individuals who used the internet (from any location) - %_POP - ISCED01 - MALE,% of individuals,ITU Households Database,2023,Portugal,PRT,Gender,Primary or less,Male,57.96911234300938,,Instituto Nacional de Estatistica,2026-07-07
9234,HHU4212-%_POP-ISCED2-,HH07 - Individuals who used the internet (from any location) - %_POP - ISCED2,% of individuals,ITU Households Database,2023,Portugal,PRT,Education,Lower secondary,,91.51358014321723,,Instituto Nacional de Estatistica,2026-07-07
9235,HHU4212-%_POP-ISCED2-FEMALE,HH07 - Individuals who used the internet (from any location) - %_POP - ISCED2 - FEMALE,% of individuals,ITU Households Database,2023,Portugal,PRT,Gender,Lower secondary,Female,90.15958733602304,,Instituto Nacional de Estatistica,2026-07-07
9237,HHU4212-%_POP-ISCED34-,HH07 - Individuals who used the internet (from any location) - %_POP - ISCED34,% of individuals,ITU Households Database,2023,Portugal,PRT,Education,Upper secondary,,98.0911290343951,,Instituto Nacional de Estatistica,2025-07-04
9238,HHU4212-%_POP-ISCED34-FEMALE,HH07 - Individuals who used the internet (from any location) - %_POP - ISCED34 - FEMALE,% of individuals,ITU Households Database,2023,Portugal,PRT,Gender,Upper secondary,Female,98.10860101711245,,Instituto Nacional de Estatistica,2026-07-07
9239,HHU4212-%_POP-ISCED34-MALE,HH07 - Individuals who used the internet (from any location) - %_POP - ISCED34 - MALE,% of individuals,ITU Households Database,2023,Portugal,PRT,Gender,Upper secondary,Male,98.07378286886167,,Instituto Nacional de Estatistica,2026-07-07
9240,HHU4212-%_POP-ISCED56-,HH07 - Individuals who used the internet (from any location) - %_POP - ISCED56,% of individuals,ITU Households Database,2023,Portugal,PRT,Education,Tertiary education,,98.782479507034,,Instituto Nacional de Estatistica,2025-07-04
9241,HHU4212-%_POP-ISCED56-FEMALE,HH07 - Individuals who used the internet (from any location) - %_POP - ISCED56 - FEMALE,% of individuals,ITU Households Database,2023,Portugal,PRT,Gender,Tertiary education,Female,98.68817351933258,,Instituto Nacional de Estatistica,2026-07-07
9242,HHU4212-%_POP-ISCED56-MALE,HH07 - Individuals who used the internet (from any location) - %_POP - ISCED56 - MALE,% of individuals,ITU Households Database,2023,Portugal,PRT,Gender,Tertiary education,Male,98.92360840725193,,Instituto Nacional de Estatistica,2026-07-07
8811,HHA4213-%_HH-CHILDREN-RURAL,HH06 - Households with Internet access at home - %_HH - CHILDREN - RURAL,% of households,ITU Households Database,2023,Portugal,PRT,Location,Children,Rural,98.68972576908571,,Instituto Nacional de Estatistica,2026-07-06
8812,HHA4213-%_HH-CHILDREN-URBAN,HH06 - Households with Internet access at home - %_HH - CHILDREN - URBAN,% of households,ITU Households Database,2023,Portugal,PRT,Location,Children,Urban,98.42188790742473,,Instituto Nacional de Estatistica,2026-07-05
8816,HHA4213-%_HH-NOCHILDREN-,HH06 - Households with Internet access at home - %_HH - NOCHILDREN,% of households,ITU Households Database,2023,Portugal,PRT,Family,No Children,,87.24522331633123,,Instituto Nacional de Estatistica,2026-07-05
8817,HHA4213-%_HH-NOCHILDREN-RURAL,HH06 - Households with Internet access at home - %_HH - NOCHILDREN - RURAL,% of households,ITU Households Database,2023,Portugal,PRT,Location,No Children,Rural,83.55751128450564,,Instituto Nacional de Estatistica,2026-07-05
8818,HHA4213-%_HH-NOCHILDREN-URBAN,HH06 - Households with Internet access at home - %_HH - NOCHILDREN - URBAN,% of households,ITU Households Database,2023,Portugal,PRT,Location,No Children,Urban,91.86861921696249,,Instituto Nacional de Estatistica,2026-07-05
8820,HHA4213-%_HH-URBAN-,HH06 - Households with Internet access at home - %_HH - URBAN,% of households,ITU Households Database,2023,Portugal,PRT,Location,Urban,,93.0182191188611,,Instituto Nacional de Estatistica,2025-07-04
8819,HHA4213-%_HH-RURAL-,HH06 - Households with Internet access at home - %_HH - RURAL,% of households,ITU Households Database,2023,Portugal,PRT,Location,Rural,,85.66634030897863,,Instituto Nacional de Estatistica,2026-07-06
12047,xHH6_IDI,Estimated proportion of households with Internet access at home,% of households,ITU World Telecommunication Indicators Database,2023,Singapore,SGP,,,,98.46030124,,Infocomm Media Development Authority,2026-02-02
8810,HHA4213-%_HH-CHILDREN-,HH06 - Households with Internet access at home - %_HH - CHILDREN,% of households,ITU Households Database,2023,Singapore,SGP,Family,Children,,99.89076720975581,,Infocomm Media Development Authority,2026-07-06
8816,HHA4213-%_HH-NOCHILDREN-,HH06 - Households with Internet access at home - %_HH - NOCHILDREN,% of households,ITU Households Database,2023,Singapore,SGP,Family,No Children,,97.88201871704723,,Infocomm Media Development Authority,2026-07-05
12047,xHH6_IDI,Estimated proportion of households with Internet access at home,% of households,ITU World Telecommunication Indicators Database,2023,Tanzania,TZA,,,,44.47761521,,ITU estimate.,2026-02-02
12047,xHH6_IDI,Estimated proportion of households with Internet access at home,% of households,ITU World Telecommunication Indicators Database,2023,United States,USA,,,,94.77199755,,US Census Bureau,2026-02-02
8819,HHA4213-%_HH-RURAL-,HH06 - Households with Internet access at home - %_HH - RURAL,% of households,ITU Households Database,2023,United States,USA,Location,Rural,,91.52962383270675,,US Census Bureau,2026-07-06
8820,HHA4213-%_HH-URBAN-,HH06 - Households with Internet access at home - %_HH - URBAN,% of households,ITU Households Database,2023,United States,USA,Location,Urban,,95.58667471556414,,US Census Bureau,2026-07-05
8820,HHA4213-%_HH-URBAN-,HH06 - Households with Internet access at home - %_HH - URBAN,% of households,ITU Households Database,2022,France,FRA,Location,Urban,,88.08285594235574,,Institut National de la Statistique et des Etudes Economiques,2026-07-05
8819,HHA4213-%_HH-RURAL-,HH06 - Households with Internet access at home - %_HH - RURAL,% of households,ITU Households Database,2022,France,FRA,Location,Rural,,84.00420248501514,,Institut National de la Statistique et des Etudes Economiques,2026-07-06
12047,xHH6_IDI,Estimated proportion of households with Internet access at home,% of households,ITU World Telecommunication Indicators Database,2022,France,FRA,,,,87.25190554,,Institut National de la Statistique et des Etudes Economiques,2026-02-02
8812,HHA4213-%_HH-CHILDREN-URBAN,HH06 - Households with Internet access at home - %_HH - CHILDREN - URBAN,% of households,ITU Households Database,2022,France,FRA,Location,Children,Urban,97.78045243185862,,Institut National de la Statistique et des Etudes Economiques,2026-07-05
9242,HHU4212-%_POP-ISCED56-MALE,HH07 - Individuals who used the internet (from any location) - %_POP - ISCED56 - MALE,% of individuals,ITU Households Database,2022,France,FRA,Gender,Tertiary education,Male,96.77415392819304,,Institut National de la Statistique et des Etudes Economiques,2026-07-07
8810,HHA4213-%_HH-CHILDREN-,HH06 - Households with Internet access at home - %_HH - CHILDREN,% of households,ITU Households Database,2022,France,FRA,Family,Children,,98.00102816293771,,Institut National de la Statistique et des Etudes Economiques,2026-07-06
9237,HHU4212-%_POP-ISCED34-,HH07 - Individuals who used the internet (from any location) - %_POP - ISCED34,% of individuals,ITU Households Database,2022,France,FRA,Education,Upper secondary,,88.76431293357294,,Institut National de la Statistique et des Etudes Economiques,2026-07-07
9235,HHU4212-%_POP-ISCED2-FEMALE,HH07 - Individuals who used the internet (from any location) - %_POP - ISCED2 - FEMALE,% of individuals,ITU Households Database,2022,France,FRA,Gender,Lower secondary,Female,86.88169325245264,,Institut National de la Statistique et des Etudes Economiques,2026-07-07
9236,HHU4212-%_POP-ISCED2-MALE,HH07 - Individuals who used the internet (from any location) - %_POP - ISCED2 - MALE,% of individuals,ITU Households Database,2022,France,FRA,Gender,Lower secondary,Male,90.0000406130953,,Institut National de la Statistique et des Etudes Economiques,2025-07-04
9234,HHU4212-%_POP-ISCED2-,HH07 - Individuals who used the internet (from any location) - %_POP - ISCED2,% of individuals,ITU Households Database,2022,France,FRA,Education,Lower secondary,,88.37756874335166,,Institut National de la Statistique et des Etudes Economiques,2026-07-07
8817,HHA4213-%_HH-NOCHILDREN-RURAL,HH06 - Households with Internet access at home - %_HH - NOCHILDREN - RURAL,% of households,ITU Households Database,2022,France,FRA,Location,No Children,Rural,79.57607004692264,,Institut National de la Statistique et des Etudes Economiques,2026-07-05
9238,HHU4212-%_POP-ISCED34-FEMALE,HH07 - Individuals who used the internet (from any location) - %_POP - ISCED34 - FEMALE,% of individuals,ITU Households Database,2022,France,FRA,Gender,Upper secondary,Female,90.55243932560066,,Institut National de la Statistique et des Etudes Economiques,2026-07-07
8818,HHA4213-%_HH-NOCHILDREN-URBAN,HH06 - Households with Internet access at home - %_HH - NOCHILDREN - URBAN,% of households,ITU Households Database,2022,France,FRA,Location,No Children,Urban,85.50068687344897,,Institut National de la Statistique et des Etudes Economiques,2026-07-05
9239,HHU4212-%_POP-ISCED34-MALE,HH07 - Individuals who used the internet (from any location) - %_POP - ISCED34 - MALE,% of individuals,ITU Households Database,2022,France,FRA,Gender,Upper secondary,Male,87.07325392485545,,Institut National de la Statistique et des Etudes Economiques,2026-07-07
9233,HHU4212-%_POP-ISCED01-MALE,HH07 - Individuals who used the internet (from any location) - %_POP - ISCED01 - MALE,% of individuals,ITU Households Database,2022,France,FRA,Gender,Primary or less,Male,49.88049465152658,,Institut National de la Statistique et des Etudes Economiques,2026-07-07
8816,HHA4213-%_HH-NOCHILDREN-,HH06 - Households with Internet access at home - %_HH - NOCHILDREN,% of households,ITU Households Database,2022,France,FRA,Family,No Children,,84.31838823613911,,Institut National de la Statistique et des Etudes Economiques,2026-07-05
9240,HHU4212-%_POP-ISCED56-,HH07 - Individuals who used the internet (from any location) - %_POP - ISCED56,% of individuals,ITU Households Database,2022,France,FRA,Education,Tertiary education,,97.05864439917401,,Institut National de la Statistique et des Etudes Economiques,2026-07-07
9241,HHU4212-%_POP-ISCED56-FEMALE,HH07 - Individuals who used the internet (from any location) - %_POP - ISCED56 - FEMALE,% of individuals,ITU Households Database,2022,France,FRA,Gender,Tertiary education,Female,97.29751010894522,,Institut National de la Statistique et des Etudes Economiques,2026-07-07
9231,HHU4212-%_POP-ISCED01-,HH07 - Individuals who used the internet (from any location) - %_POP - ISCED01,% of individuals,ITU Households Database,2022,France,FRA,Education,Primary or less,,45.72317911522105,,Institut National de la Statistique et des Etudes Economiques,2026-07-07
8811,HHA4213-%_HH-CHILDREN-RURAL,HH06 - Households with Internet access at home - %_HH - CHILDREN - RURAL,% of households,ITU Households Database,2022,France,FRA,Location,Children,Rural,98.7875178522827,,Institut National de la Statistique et des Etudes Economiques,2025-07-04
9232,HHU4212-%_POP-ISCED01-FEMALE,HH07 - Individuals who used the internet (from any location) - %_POP - ISCED01 - FEMALE,% of individuals,ITU Households Database,2022,France,FRA,Gender,Primary or less,Female,42.73117430903943,,Institut National de la Statistique et des Etudes Economiques,2026-07-07
12047,xHH6_IDI,Estimated proportion of households with Internet access at home,% of households,ITU World Telecommunication Indicators Database,2022,Ghana,GHA,,,,68.52049528,,ITU estimate.,2026-02-02
12047,xHH6_IDI,Estimated proportion of households with Internet access at home,% of households,ITU World Telecommunication Indicators Database,2022,Nigeria,NGA,,,,38.29732061,,ITU estimate.,2026-02-02
12047,xHH6_IDI,Estimated proportion of households with Internet access at home,% of households,ITU World Telecommunication Indicators Database,2022,Portugal,PRT,,,,88.15037474,Households with at least one individual aged 16 to 74 years old,Instituto Nacional de Estatistica,2026-02-02
8820,HHA4213-%_HH-URBAN-,HH06 - Households with Internet access at home - %_HH - URBAN,% of households,ITU Households Database,2022,Portugal,PRT,Location,Urban,,93.00032978498405,,Instituto Nacional de Estatistica,2026-07-05
8819,HHA4213-%_HH-RURAL-,HH06 - Households with Internet access at home - %_HH - RURAL,% of households,ITU Households Database,2022,Portugal,PRT,Location,Rural,,83.94157977830218,,Instituto Nacional de Estatistica,2026-07-06
9231,HHU4212-%_POP-ISCED01-,HH07 - Individuals who used the internet (from any location) - %_POP - ISCED01,% of individuals,ITU Households Database,2022,Portugal,PRT,Education,Primary or less,,48.49329054137835,,Instituto Nacional de Estatistica,2026-07-07
8816,HHA4213-%_HH-NOCHILDREN-,HH06 - Households with Internet access at home - %_HH - NOCHILDREN,% of households,ITU Households Database,2022,Portugal,PRT,Family,No Children,,86.16213133590324,,Instituto Nacional de Estatistica,2026-07-05
8818,HHA4213-%_HH-NOCHILDREN-URBAN,HH06 - Households with Internet access at home - %_HH - NOCHILDREN - URBAN,% of households,ITU Households Database,2022,Portugal,PRT,Location,No Children,Urban,91.7436171378902,,Instituto Nacional de Estatistica,2025-07-04
8812,HHA4213-%_HH-CHILDREN-URBAN,HH06 - Households with Internet access at home - %_HH - CHILDREN - URBAN,% of households,ITU Households Database,2022,Portugal,PRT,Location,Children,Urban,99.25885206641117,,Instituto Nacional de Estatistica,2026-07-05
9239,HHU4212-%_POP-ISCED34-MALE,HH07 - Individuals who used the internet (from any location) - %_POP - ISCED34 - MALE,% of individuals,ITU Households Database,2022,Portugal,PRT,Gender,Upper secondary,Male,97.88147540331764,,Instituto Nacional de Estatistica,2026-07-07
9235,HHU4212-%_POP-ISCED2-FEMALE,HH07 - Individuals who used the internet (from any location) - %_POP - ISCED2 - FEMALE,% of individuals,ITU Households Database,2022,Portugal,PRT,Gender,Lower secondary,Female,87.56676418541622,,Instituto Nacional de Estatistica,2026-07-07
9240,HHU4212-%_POP-ISCED56-,HH07 - Individuals who used the internet (from any location) - %_POP - ISCED56,% of individuals,ITU Households Database,2022,Portugal,PRT,Education,Tertiary education,,98.69509276359686,,Instituto Nacional de Estatistica,2026-07-07
9241,HHU4212-%_POP-ISCED56-FEMALE,HH07 - Individuals who used the internet (from any location) - %_POP - ISCED56 - FEMALE,% of individuals,ITU Households Database,2022,Portugal,PRT,Gender,Tertiary education,Female,98.78969569986621,,Instituto Nacional de Estatistica,2026-07-07
9237,HHU4212-%_POP-ISCED34-,HH07 - Individuals who used the internet (from any location) - %_POP - ISCED34,% of individuals,ITU Households Database,2022,Portugal,PRT,Education,Upper secondary,,97.23207378412778,,Instituto Nacional de Estatistica,2026-07-07
9238,HHU4212-%_POP-ISCED34-FEMALE,HH07 - Individuals who used the internet (from any location) - %_POP - ISCED34 - FEMALE,% of individuals,ITU Households Database,2022,Portugal,PRT,Gender,Upper secondary,Female,96.60456903943988,,Instituto Nacional de Estatistica,2026-07-07
8810,HHA4213-%_HH-CHILDREN-,HH06 - Households with Internet access at home - %_HH - CHILDREN,% of households,ITU Households Database,2022,Portugal,PRT,Family,Children,,99.37269423954308,,Instituto Nacional de Estatistica,2026-07-06
9232,HHU4212-%_POP-ISCED01-FEMALE,HH07 - Individuals who used the internet (from any location) - %_POP - ISCED01 - FEMALE,% of individuals,ITU Households Database,2022,Portugal,PRT,Gender,Primary or less,Female,42.815904038683975,,Instituto Nacional de Estatistica,2026-07-07
8811,HHA4213-%_HH-CHILDREN-RURAL,HH06 - Households with Internet access at home - %_HH - CHILDREN - RURAL,% of households,ITU Households Database,2022,Portugal,PRT,Location,Children,Rural,99.49418289821303,,Instituto Nacional de Estatistica,2026-07-06
9236,HHU4212-%_POP-ISCED2-MALE,HH07 - Individuals who used the internet (from any location) - %_POP - ISCED2 - MALE,% of individuals,ITU Households Database,2022,Portugal,PRT,Gender,Lower secondary,Male,91.75708773512771,,Instituto Nacional de Estatistica,2026-07-07
9242,HHU4212-%_POP-ISCED56-MALE,HH07 - Individuals who used the internet (from any location) - %_POP - ISCED56 - MALE,% of individuals,ITU Households Database,2022,Portugal,PRT,Gender,Tertiary education,Male,98.55033699419167,,Instituto Nacional de Estatistica,2026-07-07
8817,HHA4213-%_HH-NOCHILDREN-RURAL,HH06 - Households with Internet access at home - %_HH - NOCHILDREN - RURAL,% of households,ITU Households Database,2022,Portugal,PRT,Location,No Children,Rural,81.49371822470276,,Instituto Nacional de Estatistica,2026-07-05
9233,HHU4212-%_POP-ISCED01-MALE,HH07 - Individuals who used the internet (from any location) - %_POP - ISCED01 - MALE,% of individuals,ITU Households Database,2022,Portugal,PRT,Gender,Primary or less,Male,54.02095494369286,,Instituto Nacional de Estatistica,2026-07-07
9234,HHU4212-%_POP-ISCED2-,HH07 - Individuals who used the internet (from any location) - %_POP - ISCED2,% of individuals,ITU Households Database,2022,Portugal,PRT,Education,Lower secondary,,89.84183302986199,,Instituto Nacional de Estatistica,2026-07-07
8816,HHA4213-%_HH-NOCHILDREN-,HH06 - Households with Internet access at home - %_HH - NOCHILDREN,% of households,ITU Households Database,2022,Singapore,SGP,Family,No Children,,98.14088605449281,,Infocomm Media Development Authority,2026-07-05
8810,HHA4213-%_HH-CHILDREN-,HH06 - Households with Internet access at home - %_HH - CHILDREN,% of households,ITU Households Database,2022,Singapore,SGP,Family,Children,,100,,Infocomm Media Development Authority,2025-07-04
12047,xHH6_IDI,Estimated proportion of households with Internet access at home,% of households,ITU World Telecommunication Indicators Database,2022,Singapore,SGP,,,,98.67683015,,Infocomm Media Development Authority,2026-02-02
12047,xHH6_IDI,Estimated proportion of households with Internet access at home,% of households,ITU World Telecommunication Indicators Database,2022,Tanzania,TZA,,,,40.99806643,,ITU estimate.,2026-02-02
12047,xHH6_IDI,Estimated proportion of households with Internet access at home,% of households,ITU World Telecommunication Indicators Database,2022,United States,USA,,,,92.66271405,,ITU estimate.,2026-02-02
12047,xHH6_IDI,Estimated proportion of households with Internet access at home,% of households,ITU World Telecommunication Indicators Database,2021,France,FRA,,,,87.23365748,,Institut National de la Statistique et des Etudes Economiques,2026-02-02
8811,HHA4213-%_HH-CHILDREN-RURAL,HH06 - Households with Internet access at home - %_HH - CHILDREN - RURAL,% of households,ITU Households Database,2021,France,FRA,Location,Children,Rural,98.6709960589833,,Insee,2025-07-04
9238,HHU4212-%_POP-ISCED34-FEMALE,HH07 - Individuals who used the internet (from any location) - %_POP - ISCED34 - FEMALE,% of individuals,ITU Households Database,2021,France,FRA,Gender,Upper secondary,Female,89.83395261982184,,Insee,2026-07-07
9232,HHU4212-%_POP-ISCED01-FEMALE,HH07 - Individuals who used the internet (from any location) - %_POP - ISCED01 - FEMALE,% of individuals,ITU Households Database,2021,France,FRA,Gender,Primary or less,Female,43.80789916856872,,Insee,2026-07-07
8817,HHA4213-%_HH-NOCHILDREN-RURAL,HH06 - Households with Internet access at home - %_HH - NOCHILDREN - RURAL,% of households,ITU Households Database,2021,France,FRA,Location,No Children,Rural,80.3428623368419,,Insee,2025-07-04
8810,HHA4213-%_HH-CHILDREN-,HH06 - Households with Internet access at home - %_HH - CHILDREN,% of households,ITU Households Database,2021,France,FRA,Family,Children,,98.88225714631422,,Insee,2026-07-06
9231,HHU4212-%_POP-ISCED01-,HH07 - Individuals who used the internet (from any location) - %_POP - ISCED01,% of individuals,ITU Households Database,2021,France,FRA,Education,Primary or less,,47.471834221276644,,Insee,2026-07-07
9234,HHU4212-%_POP-ISCED2-,HH07 - Individuals who used the internet (from any location) - %_POP - ISCED2,% of individuals,ITU Households Database,2021,France,FRA,Education,Lower secondary,,88.99536883994604,,Insee,2026-07-07
9239,HHU4212-%_POP-ISCED34-MALE,HH07 - Individuals who used the internet (from any location) - %_POP - ISCED34 - MALE,% of individuals,ITU Households Database,2021,France,FRA,Gender,Upper secondary,Male,88.2030218179239,,Insee,2025-07-04
9237,HHU4212-%_POP-ISCED34-,HH07 - Individuals who used the internet (from any location) - %_POP - ISCED34,% of individuals,ITU Households Database,2021,France,FRA,Education,Upper secondary,,88.99393541146007,,Insee,2026-07-07
9233,HHU4212-%_POP-ISCED01-MALE,HH07 - Individuals who used the internet (from any location) - %_POP - ISCED01 - MALE,% of individuals,ITU Households Database,2021,France,FRA,Gender,Primary or less,Male,51.941143316796634,,Insee,2026-07-07
9240,HHU4212-%_POP-ISCED56-,HH07 - Individuals who used the internet (from any location) - %_POP - ISCED56,% of individuals,ITU Households Database,2021,France,FRA,Education,Tertiary education,,96.98587622000575,,Insee,2026-07-07
8816,HHA4213-%_HH-NOCHILDREN-,HH06 - Households with Internet access at home - %_HH - NOCHILDREN,% of households,ITU Households Database,2021,France,FRA,Family,No Children,,83.67533556680259,,Insee,2026-07-05
9242,HHU4212-%_POP-ISCED56-MALE,HH07 - Individuals who used the internet (from any location) - %_POP - ISCED56 - MALE,% of individuals,ITU Households Database,2021,France,FRA,Gender,Tertiary education,Male,96.69153240275644,,Insee,2026-07-07
9241,HHU4212-%_POP-ISCED56-FEMALE,HH07 - Individuals who used the internet (from any location) - %_POP - ISCED56 - FEMALE,% of individuals,ITU Households Database,2021,France,FRA,Gender,Tertiary education,Female,97.23232086442889,,Insee,2026-07-07
8812,HHA4213-%_HH-CHILDREN-URBAN,HH06 - Households with Internet access at home - %_HH - CHILDREN - URBAN,% of households,ITU Households Database,2021,France,FRA,Location,Children,Urban,98.94452350841509,,Insee,2026-07-05
9236,HHU4212-%_POP-ISCED2-MALE,HH07 - Individuals who used the internet (from any location) - %_POP - ISCED2 - MALE,% of individuals,ITU Households Database,2021,France,FRA,Gender,Lower secondary,Male,91.03959991142834,,Insee,2026-07-07
8818,HHA4213-%_HH-NOCHILDREN-URBAN,HH06 - Households with Internet access at home - %_HH - NOCHILDREN - URBAN,% of households,ITU Households Database,2021,France,FRA,Location,No Children,Urban,84.56365809922295,,Insee,2026-07-05
9235,HHU4212-%_POP-ISCED2-FEMALE,HH07 - Individuals who used the internet (from any location) - %_POP - ISCED2 - FEMALE,% of individuals,ITU Households Database,2021,France,FRA,Gender,Lower secondary,Female,87.30825183626926,,Insee,2026-07-07
8820,HHA4213-%_HH-URBAN-,HH06 - Households with Internet access at home - %_HH - URBAN,% of households,ITU Households Database,2021,France,FRA,Location,Urban,,87.8723114026132,,Insee,2025-07-04
8819,HHA4213-%_HH-RURAL-,HH06 - Households with Internet access at home - %_HH - RURAL,% of households,ITU Households Database,2021,France,FRA,Location,Rural,,84.89465890507091,,Insee,2026-07-06
12047,xHH6_IDI,Estimated proportion of households with Internet access at home,% of households,ITU World Telecommunication Indicators Database,2021,Ghana,GHA,,,,56.23660961,,ITU estimate.,2026-02-02
12047,xHH6_IDI,Estimated proportion of households with Internet access at home,% of households,ITU World Telecommunication Indicators Database,2021,Nigeria,NGA,,,,34.6,,MICS 2021,2024-12-18
12047,xHH6_IDI,Estimated proportion of households with Internet access at home,% of households,ITU World Telecommunication Indicators Database,2021,Portugal,PRT,,,,87.34178677,Households with at least one individual aged#16 to 74 years old,Instituto Nacional de Estatistica,2026-02-02
8819,HHA4213-%_HH-RURAL-,HH06 - Households with Internet access at home - %_HH - RURAL,% of households,ITU Households Database,2021,Portugal,PRT,Location,Rural,,80.55557195970428,,Statistics Portugal,2026-07-06
8820,HHA4213-%_HH-URBAN-,HH06 - Households with Internet access at home - %_HH - URBAN,% of households,ITU Households Database,2021,Portugal,PRT,Location,Urban,,90.87105543494857,,Statistics Portugal,2026-07-05
9231,HHU4212-%_POP-ISCED01-,HH07 - Individuals who used the internet (from any location) - %_POP - ISCED01,% of individuals,ITU Households Database,2021,Portugal,PRT,Education,Primary or less,,46.37095700457125,,Statistics Portugal,2026-07-07
9241,HHU4212-%_POP-ISCED56-FEMALE,HH07 - Individuals who used the internet (from any location) - %_POP - ISCED56 - FEMALE,% of individuals,ITU Households Database,2021,Portugal,PRT,Gender,Tertiary education,Female,98.94933674722087,,Statistics Portugal,2026-07-07
9235,HHU4212-%_POP-ISCED2-FEMALE,HH07 - Individuals who used the internet (from any location) - %_POP - ISCED2 - FEMALE,% of individuals,ITU Households Database,2021,Portugal,PRT,Gender,Lower secondary,Female,86.2710619820793,,Statistics Portugal,2025-07-04
8816,HHA4213-%_HH-NOCHILDREN-,HH06 - Households with Internet access at home - %_HH - NOCHILDREN,% of households,ITU Households Database,2021,Portugal,PRT,Family,No Children,,85.3134313626032,,Statistics Portugal,2025-07-04
9242,HHU4212-%_POP-ISCED56-MALE,HH07 - Individuals who used the internet (from any location) - %_POP - ISCED56 - MALE,% of individuals,ITU Households Database,2021,Portugal,PRT,Gender,Tertiary education,Male,98.21451056136425,,Statistics Portugal,2026-07-07
8818,HHA4213-%_HH-NOCHILDREN-URBAN,HH06 - Households with Internet access at home - %_HH - NOCHILDREN - URBAN,% of households,ITU Households Database,2021,Portugal,PRT,Location,No Children,Urban,89.34921635976045,,Statistics Portugal,2026-07-05
9240,HHU4212-%_POP-ISCED56-,HH07 - Individuals who used the internet (from any location) - %_POP - ISCED56,% of individuals,ITU Households Database,2021,Portugal,PRT,Education,Tertiary education,,98.6720186992391,,Statistics Portugal,2025-07-04
9238,HHU4212-%_POP-ISCED34-FEMALE,HH07 - Individuals who used the internet (from any location) - %_POP - ISCED34 - FEMALE,% of individuals,ITU Households Database,2021,Portugal,PRT,Gender,Upper secondary,Female,96.16058200378525,,Statistics Portugal,2026-07-07
8811,HHA4213-%_HH-CHILDREN-RURAL,HH06 - Households with Internet access at home - %_HH - CHILDREN - RURAL,% of households,ITU Households Database,2021,Portugal,PRT,Location,Children,Rural,96.61078854220938,,Statistics Portugal,2026-07-06
9237,HHU4212-%_POP-ISCED34-,HH07 - Individuals who used the internet (from any location) - %_POP - ISCED34,% of individuals,ITU Households Database,2021,Portugal,PRT,Education,Upper secondary,,96.9066743930046,,Statistics Portugal,2025-07-04
8810,HHA4213-%_HH-CHILDREN-,HH06 - Households with Internet access at home - %_HH - CHILDREN,% of households,ITU Households Database,2021,Portugal,PRT,Family,Children,,98.16544466614604,,Statistics Portugal,2026-07-06
8812,HHA4213-%_HH-CHILDREN-URBAN,HH06 - Households with Internet access at home - %_HH - CHILDREN - URBAN,% of households,ITU Households Database,2021,Portugal,PRT,Location,Children,Urban,98.96811443086838,,Statistics Portugal,2026-07-05
9239,HHU4212-%_POP-ISCED34-MALE,HH07 - Individuals who used the internet (from any location) - %_POP - ISCED34 - MALE,% of individuals,ITU Households Database,2021,Portugal,PRT,Gender,Upper secondary,Male,97.56381297866804,,Statistics Portugal,2026-07-07
9233,HHU4212-%_POP-ISCED01-MALE,HH07 - Individuals who used the internet (from any location) - %_POP - ISCED01 - MALE,% of individuals,ITU Households Database,2021,Portugal,PRT,Gender,Primary or less,Male,52.64947146553828,,Statistics Portugal,2026-07-07
8817,HHA4213-%_HH-NOCHILDREN-RURAL,HH06 - Households with Internet access at home - %_HH - NOCHILDREN - RURAL,% of households,ITU Households Database,2021,Portugal,PRT,Location,No Children,Rural,77.5638087269481,,Statistics Portugal,2025-07-04
9232,HHU4212-%_POP-ISCED01-FEMALE,HH07 - Individuals who used the internet (from any location) - %_POP - ISCED01 - FEMALE,% of individuals,ITU Households Database,2021,Portugal,PRT,Gender,Primary or less,Female,40.261265442459234,,Statistics Portugal,2026-07-07
9236,HHU4212-%_POP-ISCED2-MALE,HH07 - Individuals who used the internet (from any location) - %_POP - ISCED2 - MALE,% of individuals,ITU Households Database,2021,Portugal,PRT,Gender,Lower secondary,Male,88.39866132349644,,Statistics Portugal,2026-07-07
9234,HHU4212-%_POP-ISCED2-,HH07 - Individuals who used the internet (from any location) - %_POP - ISCED2,% of individuals,ITU Households Database,2021,Portugal,PRT,Education,Lower secondary,,87.41244528709507,,Statistics Portugal,2026-07-07
9233,HHU4212-%_POP-ISCED01-MALE,HH07 - Individuals who used the internet (from any location) - %_POP - ISCED01 - MALE,% of individuals,ITU Households Database,2021,Singapore,SGP,Gender,Primary or less,Male,81.49899012604011,,Infocomm Media Development Authority (IMDA),2026-07-07
9240,HHU4212-%_POP-ISCED56-,HH07 - Individuals who used the internet (from any location) - %_POP - ISCED56,% of individuals,ITU Households Database,2021,Singapore,SGP,Education,Tertiary education,,99.56011167769903,,Infocomm Media Development Authority (IMDA),2026-07-07
9234,HHU4212-%_POP-ISCED2-,HH07 - Individuals who used the internet (from any location) - %_POP - ISCED2,% of individuals,ITU Households Database,2021,Singapore,SGP,Education,Lower secondary,,96.45481145675433,Refers to secondary education.,Infocomm Media Development Authority (IMDA),2026-07-07
8810,HHA4213-%_HH-CHILDREN-,HH06 - Households with Internet access at home - %_HH - CHILDREN,% of households,ITU Households Database,2021,Singapore,SGP,Family,Children,,100,,Infocomm Media Development Authority (IMDA),2025-07-04
9232,HHU4212-%_POP-ISCED01-FEMALE,HH07 - Individuals who used the internet (from any location) - %_POP - ISCED01 - FEMALE,% of individuals,ITU Households Database,2021,Singapore,SGP,Gender,Primary or less,Female,81.77486410792463,,Infocomm Media Development Authority (IMDA),2026-07-07
9242,HHU4212-%_POP-ISCED56-MALE,HH07 - Individuals who used the internet (from any location) - %_POP - ISCED56 - MALE,% of individuals,ITU Households Database,2021,Singapore,SGP,Gender,Tertiary education,Male,99.66377337043919,,Infocomm Media Development Authority (IMDA),2026-07-07
9239,HHU4212-%_POP-ISCED34-MALE,HH07 - Individuals who used the internet (from any location) - %_POP - ISCED34 - MALE,% of individuals,ITU Households Database,2021,Singapore,SGP,Gender,Upper secondary,Male,98.18496360943129,Refers to post-secondary non-tertiary education.,Infocomm Media Development Authority (IMDA),2026-07-07
9238,HHU4212-%_POP-ISCED34-FEMALE,HH07 - Individuals who used the internet (from any location) - %_POP - ISCED34 - FEMALE,% of individuals,ITU Households Database,2021,Singapore,SGP,Gender,Upper secondary,Female,99.50469437901776,Refers to post-secondary non-tertiary education.,Infocomm Media Development Authority (IMDA),2026-07-07
9241,HHU4212-%_POP-ISCED56-FEMALE,HH07 - Individuals who used the internet (from any location) - %_POP - ISCED56 - FEMALE,% of individuals,ITU Households Database,2021,Singapore,SGP,Gender,Tertiary education,Female,99.45822177218447,,Infocomm Media Development Authority (IMDA),2026-07-07
9231,HHU4212-%_POP-ISCED01-,HH07 - Individuals who used the internet (from any location) - %_POP - ISCED01,% of individuals,ITU Households Database,2021,Singapore,SGP,Education,Primary or less,,81.66186239918578,,Infocomm Media Development Authority (IMDA),2026-07-07
9235,HHU4212-%_POP-ISCED2-FEMALE,HH07 - Individuals who used the internet (from any location) - %_POP - ISCED2 - FEMALE,% of individuals,ITU Households Database,2021,Singapore,SGP,Gender,Lower secondary,Female,96.89924832782414,Refers to secondary education.,Infocomm Media Development Authority (IMDA),2026-07-07
9236,HHU4212-%_POP-ISCED2-MALE,HH07 - Individuals who used the internet (from any location) - %_POP - ISCED2 - MALE,% of individuals,ITU Households Database,2021,Singapore,SGP,Gender,Lower secondary,Male,95.85150149529211,Refers to secondary education.,Infocomm Media Development Authority (IMDA),2026-07-07
8816,HHA4213-%_HH-NOCHILDREN-,HH06 - Households with Internet access at home - %_HH - NOCHILDREN,% of households,ITU Households Database,2021,Singapore,SGP,Family,No Children,,99.02684839849181,,Infocomm Media Development Authority (IMDA),2026-07-05
9237,HHU4212-%_POP-ISCED34-,HH07 - Individuals who used the internet (from any location) - %_POP - ISCED34,% of individuals,ITU Households Database,2021,Singapore,SGP,Education,Upper secondary,,98.75185670707577,Refers to post-secondary non-tertiary education.,Infocomm Media Development Authority (IMDA),2026-07-07
12047,xHH6_IDI,Estimated proportion of households with Internet access at home,% of households,ITU World Telecommunication Indicators Database,2021,Singapore,SGP,,,,99.32403279,,Infocomm Media Development Authority,2026-02-02
12047,xHH6_IDI,Estimated proportion of households with Internet access at home,% of households,ITU World Telecommunication Indicators Database,2021,United States,USA,,,,94.35238626,,ITU estimate.,2026-02-02
12047,xHH6_IDI,Estimated proportion of households with Internet access at home,% of households,ITU World Telecommunication Indicators Database,2020,France,FRA,,,,85.6067256,,ITU estimate.,2024-03-18
12047,xHH6_IDI,Estimated proportion of households with Internet access at home,% of households,ITU World Telecommunication Indicators Database,2020,Ghana,GHA,,,,47.58242266,,ITU estimate.,2024-03-18
12047,xHH6_IDI,Estimated proportion of households with Internet access at home,% of households,ITU World Telecommunication Indicators Database,2020,Nigeria,NGA,,,,34.12589363,,ITU estimate.,2024-03-18
12047,xHH6_IDI,Estimated proportion of households with Internet access at home,% of households,ITU World Telecommunication Indicators Database,2020,Portugal,PRT,,,,84.4927858,,Instituto Nacional de Estatistica,2026-02-02
9234,HHU4212-%_POP-ISCED2-,HH07 - Individuals who used the internet (from any location) - %_POP - ISCED2,% of individuals,ITU Households Database,2020,Portugal,PRT,Education,Lower secondary,,87.92954747686703,,Statistics Portugal,2026-07-07
9237,HHU4212-%_POP-ISCED34-,HH07 - Individuals who used the internet (from any location) - %_POP - ISCED34,% of individuals,ITU Households Database,2020,Portugal,PRT,Education,Upper secondary,,96.45182156030565,,Statistics Portugal,2026-07-07
9236,HHU4212-%_POP-ISCED2-MALE,HH07 - Individuals who used the internet (from any location) - %_POP - ISCED2 - MALE,% of individuals,ITU Households Database,2020,Portugal,PRT,Gender,Lower secondary,Male,89.18348062214388,,Statistics Portugal,2026-07-07
9238,HHU4212-%_POP-ISCED34-FEMALE,HH07 - Individuals who used the internet (from any location) - %_POP - ISCED34 - FEMALE,% of individuals,ITU Households Database,2020,Portugal,PRT,Gender,Upper secondary,Female,95.93314089089529,,Statistics Portugal,2026-07-07
9239,HHU4212-%_POP-ISCED34-MALE,HH07 - Individuals who used the internet (from any location) - %_POP - ISCED34 - MALE,% of individuals,ITU Households Database,2020,Portugal,PRT,Gender,Upper secondary,Male,96.9880210886948,,Statistics Portugal,2025-01-08
9233,HHU4212-%_POP-ISCED01-MALE,HH07 - Individuals who used the internet (from any location) - %_POP - ISCED01 - MALE,% of individuals,ITU Households Database,2020,Portugal,PRT,Gender,Primary or less,Male,39.57429930732846,,Statistics Portugal,2026-07-07
9240,HHU4212-%_POP-ISCED56-,HH07 - Individuals who used the internet (from any location) - %_POP - ISCED56,% of individuals,ITU Households Database,2020,Portugal,PRT,Education,Tertiary education,,98.65844412848281,,Statistics Portugal,2026-07-07
9241,HHU4212-%_POP-ISCED56-FEMALE,HH07 - Individuals who used the internet (from any location) - %_POP - ISCED56 - FEMALE,% of individuals,ITU Households Database,2020,Portugal,PRT,Gender,Tertiary education,Female,98.64740666383024,,Statistics Portugal,2026-07-07
9232,HHU4212-%_POP-ISCED01-FEMALE,HH07 - Individuals who used the internet (from any location) - %_POP - ISCED01 - FEMALE,% of individuals,ITU Households Database,2020,Portugal,PRT,Gender,Primary or less,Female,30.239558779655916,,Statistics Portugal,2026-07-07
9242,HHU4212-%_POP-ISCED56-MALE,HH07 - Individuals who used the internet (from any location) - %_POP - ISCED56 - MALE,% of individuals,ITU Households Database,2020,Portugal,PRT,Gender,Tertiary education,Male,98.67398809551467,,Statistics Portugal,2026-07-07
8811,HHA4213-%_HH-CHILDREN-RURAL,HH06 - Households with Internet access at home - %_HH - CHILDREN - RURAL,% of households,ITU Households Database,2020,Portugal,PRT,Location,Children,Rural,97.49140591384169,"Due to the lack of definition for Urban/Rural breakdown, a standard used by our Census Unit was  considered (urban: places with 2000 or more inhabitants; rural: places with less than 2000 inhabitants)",Statistics Portugal,2026-07-06
9231,HHU4212-%_POP-ISCED01-,HH07 - Individuals who used the internet (from any location) - %_POP - ISCED01,% of individuals,ITU Households Database,2020,Portugal,PRT,Education,Primary or less,,34.68779121329042,,Statistics Portugal,2026-07-07
8812,HHA4213-%_HH-CHILDREN-URBAN,HH06 - Households with Internet access at home - %_HH - CHILDREN - URBAN,% of households,ITU Households Database,2020,Portugal,PRT,Location,Children,Urban,98.15587942677398,"Due to the lack of definition for Urban/Rural breakdown, a standard used by our Census Unit was  considered (urban: places with 2000 or more inhabitants; rural: places with less than 2000 inhabitants)",Statistics Portugal,2026-07-05
8818,HHA4213-%_HH-NOCHILDREN-URBAN,HH06 - Households with Internet access at home - %_HH - NOCHILDREN - URBAN,% of households,ITU Households Database,2020,Portugal,PRT,Location,No Children,Urban,87.36763443822618,"Due to the lack of definition for Urban/Rural breakdown, a standard used by our Census Unit was  considered (urban: places with 2000 or more inhabitants; rural: places with less than 2000 inhabitants)",Statistics Portugal,2026-07-05
8816,HHA4213-%_HH-NOCHILDREN-,HH06 - Households with Internet access at home - %_HH - NOCHILDREN,% of households,ITU Households Database,2020,Portugal,PRT,Family,No Children,,81.55297201781744,,Statistics Portugal,2026-07-05
8810,HHA4213-%_HH-CHILDREN-,HH06 - Households with Internet access at home - %_HH - CHILDREN,% of households,ITU Households Database,2020,Portugal,PRT,Family,Children,,97.93554072497878,,Statistics Portugal,2026-07-06
8817,HHA4213-%_HH-NOCHILDREN-RURAL,HH06 - Households with Internet access at home - %_HH - NOCHILDREN - RURAL,% of households,ITU Households Database,2020,Portugal,PRT,Location,No Children,Rural,70.422069408187,"Due to the lack of definition for Urban/Rural breakdown, a standard used by our Census Unit was  considered (urban: places with 2000 or more inhabitants; rural: places with less than 2000 inhabitants)",Statistics Portugal,2025-01-08
9235,HHU4212-%_POP-ISCED2-FEMALE,HH07 - Individuals who used the internet (from any location) - %_POP - ISCED2 - FEMALE,% of individuals,ITU Households Database,2020,Portugal,PRT,Gender,Lower secondary,Female,86.46637490385314,,Statistics Portugal,2026-07-07
8820,HHA4213-%_HH-URBAN-,HH06 - Households with Internet access at home - %_HH - URBAN,% of households,ITU Households Database,2020,Portugal,PRT,Location,Urban,,89.33087755682293,"Due to the lack of definition for Urban/Rural breakdown, a standard used by our Census Unit was  considered (urban: places with 2000 or more inhabitants; rural: places with less than 2000 inhabitants)",Statistics Portugal,2026-07-05
8819,HHA4213-%_HH-RURAL-,HH06 - Households with Internet access at home - %_HH - RURAL,% of households,ITU Households Database,2020,Portugal,PRT,Location,Rural,,75.14739756474992,"Due to the lack of definition for Urban/Rural breakdown, a standard used by our Census Unit was  considered (urban: places with 2000 or more inhabitants; rural: places with less than 2000 inhabitants)",Statistics Portugal,2026-07-06
12047,xHH6_IDI,Estimated proportion of households with Internet access at home,% of households,ITU World Telecommunication Indicators Database,2020,Singapore,SGP,,,,98.4436591,,Infocomm Media Development Authority,2026-02-02
12047,xHH6_IDI,Estimated proportion of households with Internet access at home,% of households,ITU World Telecommunication Indicators Database,2020,Tanzania,TZA,,,,29.74240098,,ITU estimate.,2024-03-18
12047,xHH6_IDI,Estimated proportion of households with Internet access at home,% of households,ITU World Telecommunication Indicators Database,2020,United States,USA,,,,90.55359604,,ITU estimate.,2024-03-18
12047,xHH6_IDI,Estimated proportion of households with Internet access at home,% of households,ITU World Telecommunication Indicators Database,2019,France,FRA,,,,84.0101364473843,,Institut National de la Statistique et des Etudes Economiques,2024-01-23
8820,HHA4213-%_HH-URBAN-,HH06 - Households with Internet access at home - %_HH - URBAN,% of households,ITU Households Database,2019,France,FRA,Location,Urban,,84.2201136386092,,Insee,2024-07-08
8819,HHA4213-%_HH-RURAL-,HH06 - Households with Internet access at home - %_HH - RURAL,% of households,ITU Households Database,2019,France,FRA,Location,Rural,,83.25623073401118,,Insee,2026-07-06
9242,HHU4212-%_POP-ISCED56-MALE,HH07 - Individuals who used the internet (from any location) - %_POP - ISCED56 - MALE,% of individuals,ITU Households Database,2019,France,FRA,Gender,Tertiary education,Male,96.81599985172737,,Insee,2026-07-07
9232,HHU4212-%_POP-ISCED01-FEMALE,HH07 - Individuals who used the internet (from any location) - %_POP - ISCED01 - FEMALE,% of individuals,ITU Households Database,2019,France,FRA,Gender,Primary or less,Female,39.1779984012747,,Insee,2024-07-08
9237,HHU4212-%_POP-ISCED34-,HH07 - Individuals who used the internet (from any location) - %_POP - ISCED34,% of individuals,ITU Households Database,2019,France,FRA,Education,Upper secondary,,88.17615932797605,,Insee,2026-07-07
8811,HHA4213-%_HH-CHILDREN-RURAL,HH06 - Households with Internet access at home - %_HH - CHILDREN - RURAL,% of households,ITU Households Database,2019,France,FRA,Location,Children,Rural,99.22076013102142,,Insee,2026-07-06
9231,HHU4212-%_POP-ISCED01-,HH07 - Individuals who used the internet (from any location) - %_POP - ISCED01,% of individuals,ITU Households Database,2019,France,FRA,Education,Primary or less,,42.74361875566156,,Insee,2026-07-07
9233,HHU4212-%_POP-ISCED01-MALE,HH07 - Individuals who used the internet (from any location) - %_POP - ISCED01 - MALE,% of individuals,ITU Households Database,2019,France,FRA,Gender,Primary or less,Male,47.67489968209026,,Insee,2026-07-07
8818,HHA4213-%_HH-NOCHILDREN-URBAN,HH06 - Households with Internet access at home - %_HH - NOCHILDREN - URBAN,% of households,ITU Households Database,2019,France,FRA,Location,No Children,Urban,80.33960290526431,,Insee,2026-07-05
9240,HHU4212-%_POP-ISCED56-,HH07 - Individuals who used the internet (from any location) - %_POP - ISCED56,% of individuals,ITU Households Database,2019,France,FRA,Education,Tertiary education,,96.46638186741994,,Insee,2026-07-07
8816,HHA4213-%_HH-NOCHILDREN-,HH06 - Households with Internet access at home - %_HH - NOCHILDREN,% of households,ITU Households Database,2019,France,FRA,Family,No Children,,79.83458575159193,,Insee,2026-07-05
9239,HHU4212-%_POP-ISCED34-MALE,HH07 - Individuals who used the internet (from any location) - %_POP - ISCED34 - MALE,% of individuals,ITU Households Database,2019,France,FRA,Gender,Upper secondary,Male,86.78549412924058,,Insee,2026-07-07
9235,HHU4212-%_POP-ISCED2-FEMALE,HH07 - Individuals who used the internet (from any location) - %_POP - ISCED2 - FEMALE,% of individuals,ITU Households Database,2019,France,FRA,Gender,Lower secondary,Female,81.6480712735641,,Insee,2024-07-08
9241,HHU4212-%_POP-ISCED56-FEMALE,HH07 - Individuals who used the internet (from any location) - %_POP - ISCED56 - FEMALE,% of individuals,ITU Households Database,2019,France,FRA,Gender,Tertiary education,Female,96.16906642538336,,Insee,2026-07-07
9234,HHU4212-%_POP-ISCED2-,HH07 - Individuals who used the internet (from any location) - %_POP - ISCED2,% of individuals,ITU Households Database,2019,France,FRA,Education,Lower secondary,,84.05823573701191,,Insee,2026-07-07
8812,HHA4213-%_HH-CHILDREN-URBAN,HH06 - Households with Internet access at home - %_HH - CHILDREN - URBAN,% of households,ITU Households Database,2019,France,FRA,Location,Children,Urban,96.94904991115231,,Insee,2026-07-05
8817,HHA4213-%_HH-NOCHILDREN-RURAL,HH06 - Households with Internet access at home - %_HH - NOCHILDREN - RURAL,% of households,ITU Households Database,2019,France,FRA,Location,No Children,Rural,77.98628345994655,,Insee,2026-07-05
8810,HHA4213-%_HH-CHILDREN-,HH06 - Households with Internet access at home - %_HH - CHILDREN,% of households,ITU Households Database,2019,France,FRA,Family,Children,,97.46770660054077,,Insee,2026-07-06
9238,HHU4212-%_POP-ISCED34-FEMALE,HH07 - Individuals who used the internet (from any location) - %_POP - ISCED34 - FEMALE,% of individuals,ITU Households Database,2019,France,FRA,Gender,Upper secondary,Female,89.64652465713229,,Insee,2026-07-07
9236,HHU4212-%_POP-ISCED2-MALE,HH07 - Individuals who used the internet (from any location) - %_POP - ISCED2 - MALE,% of individuals,ITU Households Database,2019,France,FRA,Gender,Lower secondary,Male,86.6842698542635,,Insee,2024-07-08
12047,xHH6_IDI,Estimated proportion of households with Internet access at home,% of households,ITU World Telecommunication Indicators Database,2019,Ghana,GHA,,,,16.8,,National Communications Authority and Ghana Statistical Service - Household Survey on ICT in Ghana,2024-01-23
12047,xHH6_IDI,Estimated proportion of households with Internet access at home,% of households,ITU World Telecommunication Indicators Database,2019,Nigeria,NGA,,,,19.6505095289937,,ITU estimate,2021-11-29
12047,xHH6_IDI,Estimated proportion of households with Internet access at home,% of households,ITU World Telecommunication Indicators Database,2019,Portugal,PRT,,,,80.938541559805,,Instituto Nacional de Estatistica,2024-01-23
9238,HHU4212-%_POP-ISCED34-FEMALE,HH07 - Individuals who used the internet (from any location) - %_POP - ISCED34 - FEMALE,% of individuals,ITU Households Database,2019,Portugal,PRT,Gender,Upper secondary,Female,96.9574290042052,,Statistics Portugal,2024-07-08
8812,HHA4213-%_HH-CHILDREN-URBAN,HH06 - Households with Internet access at home - %_HH - CHILDREN - URBAN,% of households,ITU Households Database,2019,Portugal,PRT,Location,Children,Urban,96.26399931606396,"Due to the lack of definition for Urban/Rural breakdown, a standard used by our Census Unit was  considered (urban: places with 2000 or more inhabitants; rural: places with less than 2000 inhabitants)",Statistics Portugal,2026-07-05
9234,HHU4212-%_POP-ISCED2-,HH07 - Individuals who used the internet (from any location) - %_POP - ISCED2,% of individuals,ITU Households Database,2019,Portugal,PRT,Education,Lower secondary,,84.43848105575029,,Statistics Portugal,2026-07-07
9240,HHU4212-%_POP-ISCED56-,HH07 - Individuals who used the internet (from any location) - %_POP - ISCED56,% of individuals,ITU Households Database,2019,Portugal,PRT,Education,Tertiary education,,98.64096542827033,,Statistics Portugal,2026-07-07
9241,HHU4212-%_POP-ISCED56-FEMALE,HH07 - Individuals who used the internet (from any location) - %_POP - ISCED56 - FEMALE,% of individuals,ITU Households Database,2019,Portugal,PRT,Gender,Tertiary education,Female,97.91638358783096,,Statistics Portugal,2026-07-07
8818,HHA4213-%_HH-NOCHILDREN-URBAN,HH06 - Households with Internet access at home - %_HH - NOCHILDREN - URBAN,% of households,ITU Households Database,2019,Portugal,PRT,Location,No Children,Urban,83.2071276942363,"Due to the lack of definition for Urban/Rural breakdown, a standard used by our Census Unit was  considered (urban: places with 2000 or more inhabitants; rural: places with less than 2000 inhabitants)",Statistics Portugal,2024-07-08
8816,HHA4213-%_HH-NOCHILDREN-,HH06 - Households with Internet access at home - %_HH - NOCHILDREN,% of households,ITU Households Database,2019,Portugal,PRT,Family,No Children,,77.26680321499182,,Statistics Portugal,2026-07-05
9237,HHU4212-%_POP-ISCED34-,HH07 - Individuals who used the internet (from any location) - %_POP - ISCED34,% of individuals,ITU Households Database,2019,Portugal,PRT,Education,Upper secondary,,96.41057551499726,,Statistics Portugal,2026-07-07
8811,HHA4213-%_HH-CHILDREN-RURAL,HH06 - Households with Internet access at home - %_HH - CHILDREN - RURAL,% of households,ITU Households Database,2019,Portugal,PRT,Location,Children,Rural,95.97821875941631,"Due to the lack of definition for Urban/Rural breakdown, a standard used by our Census Unit was  considered (urban: places with 2000 or more inhabitants; rural: places with less than 2000 inhabitants)",Statistics Portugal,2026-07-06
8810,HHA4213-%_HH-CHILDREN-,HH06 - Households with Internet access at home - %_HH - CHILDREN,% of households,ITU Households Database,2019,Portugal,PRT,Family,Children,,96.17074058101917,,Statistics Portugal,2026-07-06
9233,HHU4212-%_POP-ISCED01-MALE,HH07 - Individuals who used the internet (from any location) - %_POP - ISCED01 - MALE,% of individuals,ITU Households Database,2019,Portugal,PRT,Gender,Primary or less,Male,38.58407921888586,,Statistics Portugal,2026-07-07
9232,HHU4212-%_POP-ISCED01-FEMALE,HH07 - Individuals who used the internet (from any location) - %_POP - ISCED01 - FEMALE,% of individuals,ITU Households Database,2019,Portugal,PRT,Gender,Primary or less,Female,32.47839071115538,,Statistics Portugal,2026-07-07
9239,HHU4212-%_POP-ISCED34-MALE,HH07 - Individuals who used the internet (from any location) - %_POP - ISCED34 - MALE,% of individuals,ITU Households Database,2019,Portugal,PRT,Gender,Upper secondary,Male,95.88364821285835,,Statistics Portugal,2026-07-07
8817,HHA4213-%_HH-NOCHILDREN-RURAL,HH06 - Households with Internet access at home - %_HH - NOCHILDREN - RURAL,% of households,ITU Households Database,2019,Portugal,PRT,Location,No Children,Rural,66.35788774085236,"Due to the lack of definition for Urban/Rural breakdown, a standard used by our Census Unit was  considered (urban: places with 2000 or more inhabitants; rural: places with less than 2000 inhabitants)",Statistics Portugal,2026-07-05
9242,HHU4212-%_POP-ISCED56-MALE,HH07 - Individuals who used the internet (from any location) - %_POP - ISCED56 - MALE,% of individuals,ITU Households Database,2019,Portugal,PRT,Gender,Tertiary education,Male,99.66808605589542,,Statistics Portugal,2026-07-07
9235,HHU4212-%_POP-ISCED2-FEMALE,HH07 - Individuals who used the internet (from any location) - %_POP - ISCED2 - FEMALE,% of individuals,ITU Households Database,2019,Portugal,PRT,Gender,Lower secondary,Female,81.40759974374635,,Statistics Portugal,2026-07-07
9236,HHU4212-%_POP-ISCED2-MALE,HH07 - Individuals who used the internet (from any location) - %_POP - ISCED2 - MALE,% of individuals,ITU Households Database,2019,Portugal,PRT,Gender,Lower secondary,Male,87.33688526296073,,Statistics Portugal,2026-07-07
9231,HHU4212-%_POP-ISCED01-,HH07 - Individuals who used the internet (from any location) - %_POP - ISCED01,% of individuals,ITU Households Database,2019,Portugal,PRT,Education,Primary or less,,35.39703324181983,,Statistics Portugal,2026-07-07
8820,HHA4213-%_HH-URBAN-,HH06 - Households with Internet access at home - %_HH - URBAN,% of households,ITU Households Database,2019,Portugal,PRT,Location,Urban,,85.82529013224244,"Due to the lack of definition for Urban/Rural breakdown, a standard used by our Census Unit was  considered (urban: places with 2000 or more inhabitants; rural: places with less than 2000 inhabitants)",Statistics Portugal,2026-07-05
8819,HHA4213-%_HH-RURAL-,HH06 - Households with Internet access at home - %_HH - RURAL,% of households,ITU Households Database,2019,Portugal,PRT,Location,Rural,,71.76115108817534,"Due to the lack of definition for Urban/Rural breakdown, a standard used by our Census Unit was  considered (urban: places with 2000 or more inhabitants; rural: places with less than 2000 inhabitants)",Statistics Portugal,2026-07-06
12047,xHH6_IDI,Estimated proportion of households with Internet access at home,% of households,ITU World Telecommunication Indicators Database,2019,Singapore,SGP,,,,98.4330094429999,,Infocomm Media Development Authority ,2024-01-23
12047,xHH6_IDI,Estimated proportion of households with Internet access at home,% of households,ITU World Telecommunication Indicators Database,2019,Tanzania,TZA,,,,11.0667016499428,,ITU estimate,2021-11-29
12047,xHH6_IDI,Estimated proportion of households with Internet access at home,% of households,ITU World Telecommunication Indicators Database,2019,United States,USA,,,,86.6123778501629,Households with Internet subscription. Does not include access without subscription.  Includes dial-up internet.  ##,US Census Bureau,2024-01-23
12047,xHH6_IDI,Estimated proportion of households with Internet access at home,% of households,ITU World Telecommunication Indicators Database,2018,France,FRA,,,,82.3788724289656,,Institut National de la Statistique et des Etudes Economiques,2024-01-23
8820,HHA4213-%_HH-URBAN-,HH06 - Households with Internet access at home - %_HH - URBAN,% of households,ITU Households Database,2018,France,FRA,Location,Urban,,82.74658874163008,,INSEE,2026-07-05
8819,HHA4213-%_HH-RURAL-,HH06 - Households with Internet access at home - %_HH - RURAL,% of households,ITU Households Database,2018,France,FRA,Location,Rural,,81.1056071493691,,INSEE,2024-07-08
9232,HHU4212-%_POP-ISCED01-FEMALE,HH07 - Individuals who used the internet (from any location) - %_POP - ISCED01 - FEMALE,% of individuals,ITU Households Database,2018,France,FRA,Gender,Primary or less,Female,37.36908132772797,,INSEE,2026-07-07
8818,HHA4213-%_HH-NOCHILDREN-URBAN,HH06 - Households with Internet access at home - %_HH - NOCHILDREN - URBAN,% of households,ITU Households Database,2018,France,FRA,Location,No Children,Urban,78.41868670782293,,INSEE,2026-07-05
9235,HHU4212-%_POP-ISCED2-FEMALE,HH07 - Individuals who used the internet (from any location) - %_POP - ISCED2 - FEMALE,% of individuals,ITU Households Database,2018,France,FRA,Gender,Lower secondary,Female,82.19213579647776,,INSEE,2026-07-07
8817,HHA4213-%_HH-NOCHILDREN-RURAL,HH06 - Households with Internet access at home - %_HH - NOCHILDREN - RURAL,% of households,ITU Households Database,2018,France,FRA,Location,No Children,Rural,74.96125920294868,,INSEE,2026-07-05
9240,HHU4212-%_POP-ISCED56-,HH07 - Individuals who used the internet (from any location) - %_POP - ISCED56,% of individuals,ITU Households Database,2018,France,FRA,Education,Tertiary education,,95.77120539616512,,INSEE,2026-07-07
8812,HHA4213-%_HH-CHILDREN-URBAN,HH06 - Households with Internet access at home - %_HH - CHILDREN - URBAN,% of households,ITU Households Database,2018,France,FRA,Location,Children,Urban,96.85115961508939,,INSEE,2026-07-05
9242,HHU4212-%_POP-ISCED56-MALE,HH07 - Individuals who used the internet (from any location) - %_POP - ISCED56 - MALE,% of individuals,ITU Households Database,2018,France,FRA,Gender,Tertiary education,Male,95.64176030279063,,INSEE,2026-07-07
9237,HHU4212-%_POP-ISCED34-,HH07 - Individuals who used the internet (from any location) - %_POP - ISCED34,% of individuals,ITU Households Database,2018,France,FRA,Education,Upper secondary,,87.25864933288406,,INSEE,2026-07-07
9231,HHU4212-%_POP-ISCED01-,HH07 - Individuals who used the internet (from any location) - %_POP - ISCED01,% of individuals,ITU Households Database,2018,France,FRA,Education,Primary or less,,41.90172118517357,,INSEE,2026-07-07
8816,HHA4213-%_HH-NOCHILDREN-,HH06 - Households with Internet access at home - %_HH - NOCHILDREN,% of households,ITU Households Database,2018,France,FRA,Family,No Children,,77.66737953761105,,INSEE,2026-07-05
9234,HHU4212-%_POP-ISCED2-,HH07 - Individuals who used the internet (from any location) - %_POP - ISCED2,% of individuals,ITU Households Database,2018,France,FRA,Education,Lower secondary,,84.08748327440027,,INSEE,2026-07-07
8810,HHA4213-%_HH-CHILDREN-,HH06 - Households with Internet access at home - %_HH - CHILDREN,% of households,ITU Households Database,2018,France,FRA,Family,Children,,97.18257399740494,,INSEE,2026-07-06
9233,HHU4212-%_POP-ISCED01-MALE,HH07 - Individuals who used the internet (from any location) - %_POP - ISCED01 - MALE,% of individuals,ITU Households Database,2018,France,FRA,Gender,Primary or less,Male,48.00590120837626,,INSEE,2026-07-07
9236,HHU4212-%_POP-ISCED2-MALE,HH07 - Individuals who used the internet (from any location) - %_POP - ISCED2 - MALE,% of individuals,ITU Households Database,2018,France,FRA,Gender,Lower secondary,Male,86.27613339988245,,INSEE,2026-07-07
9238,HHU4212-%_POP-ISCED34-FEMALE,HH07 - Individuals who used the internet (from any location) - %_POP - ISCED34 - FEMALE,% of individuals,ITU Households Database,2018,France,FRA,Gender,Upper secondary,Female,87.50949682811226,,INSEE,2026-07-07
8811,HHA4213-%_HH-CHILDREN-RURAL,HH06 - Households with Internet access at home - %_HH - CHILDREN - RURAL,% of households,ITU Households Database,2018,France,FRA,Location,Children,Rural,98.20161468580343,,INSEE,2026-07-06
9239,HHU4212-%_POP-ISCED34-MALE,HH07 - Individuals who used the internet (from any location) - %_POP - ISCED34 - MALE,% of individuals,ITU Households Database,2018,France,FRA,Gender,Upper secondary,Male,87.02294301682919,,INSEE,2026-07-07
9241,HHU4212-%_POP-ISCED56-FEMALE,HH07 - Individuals who used the internet (from any location) - %_POP - ISCED56 - FEMALE,% of individuals,ITU Households Database,2018,France,FRA,Gender,Tertiary education,Female,95.8829225230346,,INSEE,2024-07-08
12047,xHH6_IDI,Estimated proportion of households with Internet access at home,% of households,ITU World Telecommunication Indicators Database,2018,Ghana,GHA,,,,25,,ITU estimate.,2021-06-29
12047,xHH6_IDI,Estimated proportion of households with Internet access at home,% of households,ITU World Telecommunication Indicators Database,2018,Haiti,HTI,,,,7.00000127077129,,Institut Haitien de Statistique et d'nformatique,2024-01-23
12047,xHH6_IDI,Estimated proportion of households with Internet access at home,% of households,ITU World Telecommunication Indicators Database,2018,Nigeria,NGA,,,,17.3582630741376,,ITU estimate,2021-11-29
12047,xHH6_IDI,Estimated proportion of households with Internet access at home,% of households,ITU World Telecommunication Indicators Database,2018,Portugal,PRT,,,,79.4251064473765,,Instituto Nacional de Estatistica,2024-01-23
8817,HHA4213-%_HH-NOCHILDREN-RURAL,HH06 - Households with Internet access at home - %_HH - NOCHILDREN - RURAL,% of households,ITU Households Database,2018,Portugal,PRT,Location,No Children,Rural,63.349889950070846,,Statistics Portugal,2026-07-05
8811,HHA4213-%_HH-CHILDREN-RURAL,HH06 - Households with Internet access at home - %_HH - CHILDREN - RURAL,% of households,ITU Households Database,2018,Portugal,PRT,Location,Children,Rural,95.12245055765217,,Statistics Portugal,2026-07-06
9231,HHU4212-%_POP-ISCED01-,HH07 - Individuals who used the internet (from any location) - %_POP - ISCED01,% of individuals,ITU Households Database,2018,Portugal,PRT,Education,Primary or less,,35.31216495385425,,Statistics Portugal,2026-07-07
9241,HHU4212-%_POP-ISCED56-FEMALE,HH07 - Individuals who used the internet (from any location) - %_POP - ISCED56 - FEMALE,% of individuals,ITU Households Database,2018,Portugal,PRT,Gender,Tertiary education,Female,97.66893949536191,,Statistics Portugal,2026-07-07
8812,HHA4213-%_HH-CHILDREN-URBAN,HH06 - Households with Internet access at home - %_HH - CHILDREN - URBAN,% of households,ITU Households Database,2018,Portugal,PRT,Location,Children,Urban,96.1632890330522,,Statistics Portugal,2024-07-08
9240,HHU4212-%_POP-ISCED56-,HH07 - Individuals who used the internet (from any location) - %_POP - ISCED56,% of individuals,ITU Households Database,2018,Portugal,PRT,Education,Tertiary education,,97.83087623384087,,Statistics Portugal,2026-07-07
9233,HHU4212-%_POP-ISCED01-MALE,HH07 - Individuals who used the internet (from any location) - %_POP - ISCED01 - MALE,% of individuals,ITU Households Database,2018,Portugal,PRT,Gender,Primary or less,Male,40.42866670648821,,Statistics Portugal,2026-07-07
9239,HHU4212-%_POP-ISCED34-MALE,HH07 - Individuals who used the internet (from any location) - %_POP - ISCED34 - MALE,% of individuals,ITU Households Database,2018,Portugal,PRT,Gender,Upper secondary,Male,96.45280814466446,,Statistics Portugal,2026-07-07
8816,HHA4213-%_HH-NOCHILDREN-,HH06 - Households with Internet access at home - %_HH - NOCHILDREN,% of households,ITU Households Database,2018,Portugal,PRT,Family,No Children,,75.2710127886108,,Statistics Portugal,2024-07-08
9236,HHU4212-%_POP-ISCED2-MALE,HH07 - Individuals who used the internet (from any location) - %_POP - ISCED2 - MALE,% of individuals,ITU Households Database,2018,Portugal,PRT,Gender,Lower secondary,Male,87.38793522176512,,Statistics Portugal,2026-07-07
8818,HHA4213-%_HH-NOCHILDREN-URBAN,HH06 - Households with Internet access at home - %_HH - NOCHILDREN - URBAN,% of households,ITU Households Database,2018,Portugal,PRT,Location,No Children,Urban,81.71386215792947,,Statistics Portugal,2026-07-05
9238,HHU4212-%_POP-ISCED34-FEMALE,HH07 - Individuals who used the internet (from any location) - %_POP - ISCED34 - FEMALE,% of individuals,ITU Households Database,2018,Portugal,PRT,Gender,Upper secondary,Female,96.98323745960143,,Statistics Portugal,2026-07-07
9234,HHU4212-%_POP-ISCED2-,HH07 - Individuals who used the internet (from any location) - %_POP - ISCED2,% of individuals,ITU Households Database,2018,Portugal,PRT,Education,Lower secondary,,84.47080397347722,,Statistics Portugal,2026-07-07
8810,HHA4213-%_HH-CHILDREN-,HH06 - Households with Internet access at home - %_HH - CHILDREN,% of households,ITU Households Database,2018,Portugal,PRT,Family,Children,,95.8441423491191,,Statistics Portugal,2024-07-08
9237,HHU4212-%_POP-ISCED34-,HH07 - Individuals who used the internet (from any location) - %_POP - ISCED34,% of individuals,ITU Households Database,2018,Portugal,PRT,Education,Upper secondary,,96.71503950116049,,Statistics Portugal,2026-07-07
9235,HHU4212-%_POP-ISCED2-FEMALE,HH07 - Individuals who used the internet (from any location) - %_POP - ISCED2 - FEMALE,% of individuals,ITU Households Database,2018,Portugal,PRT,Gender,Lower secondary,Female,81.41009275444621,,Statistics Portugal,2026-07-07
9242,HHU4212-%_POP-ISCED56-MALE,HH07 - Individuals who used the internet (from any location) - %_POP - ISCED56 - MALE,% of individuals,ITU Households Database,2018,Portugal,PRT,Gender,Tertiary education,Male,98.0656218636256,,Statistics Portugal,2024-07-08
9232,HHU4212-%_POP-ISCED01-FEMALE,HH07 - Individuals who used the internet (from any location) - %_POP - ISCED01 - FEMALE,% of individuals,ITU Households Database,2018,Portugal,PRT,Gender,Primary or less,Female,30.49244799706508,,Statistics Portugal,2026-07-07
8820,HHA4213-%_HH-URBAN-,HH06 - Households with Internet access at home - %_HH - URBAN,% of households,ITU Households Database,2018,Portugal,PRT,Location,Urban,,84.78791981121047,,Statistics Portugal,2026-07-05
8819,HHA4213-%_HH-RURAL-,HH06 - Households with Internet access at home - %_HH - RURAL,% of households,ITU Households Database,2018,Portugal,PRT,Location,Rural,,69.1032137394527,,Statistics Portugal,2024-07-08
12047,xHH6_IDI,Estimated proportion of households with Internet access at home,% of households,ITU World Telecommunication Indicators Database,2018,Singapore,SGP,,,,97.7338715388428,,Infocomm Media Development Authority ,2024-01-23
12047,xHH6_IDI,Estimated proportion of households with Internet access at home,% of households,ITU World Telecommunication Indicators Database,2018,Tanzania,TZA,,,,9.1122731882706,,ITU estimate,2021-11-29
12047,xHH6_IDI,Estimated proportion of households with Internet access at home,% of households,ITU World Telecommunication Indicators Database,2018,United States,USA,,,,85.3497942386831,Households with Internet subscription. Does not include access without subscription.  Includes dial-up internet.  ##,US Census Bureau,2024-01-23
